,count
0,16
1,40
2,32
3,13
4,1
5,1
6,2
7,3
8,8
9,14
10,36
11,56
12,84
13,94
14,106
15,110
16,93
17,67
18,35
19,37
20,36
21,34
22,28
23,39
24,17
25,17
26,9
27,6
28,3
29,2
30,1
31,8
32,20
33,53
34,70
35,93
36,75
37,59
38,74
39,76
40,65
41,53
42,30
43,22
44,31
45,9
46,8
47,5
48,2
49,1
50,3
51,30
52,64
53,154
54,88
55,44
56,51
57,61
58,61
59,77
60,72
61,76
62,157
63,157
64,110
65,52
66,52
67,20
68,12
69,5
70,2
71,1
72,2
73,4
74,36
75,94
76,179
77,100
78,42
79,57
80,78
81,97
82,63
83,65
84,83
85,212
86,182
87,112
88,54
89,48
90,35
91,11
92,6
93,6
94,2
95,2
96,3
97,33
98,88
99,195
100,115
101,57
102,46
103,79
104,71
105,62
106,62
107,89
108,190
109,169
110,132
111,89
112,43
113,42
114,19
115,11
116,4
117,2
118,1
119,4
120,36
121,95
122,219
123,122
124,45
125,59
126,84
127,67
128,70
129,62
130,86
131,172
132,163
133,112
134,69
135,48
136,52
137,23
138,17
139,7
140,1
141,1
142,5
143,34
144,84
145,210
146,134
147,63
148,67
149,59
150,73
151,50
152,72
153,87
154,187
155,123
156,95
157,51
158,39
159,36
160,15
161,25
162,16
163,16
164,7
165,1
166,5
167,2
168,9
169,15
170,20
171,61
172,62
173,98
174,102
175,95
176,74
177,76
178,69
179,55
180,30
181,28
182,37
183,34
184,22
185,25
186,12
187,11
188,4
189,1
190,1
191,1
192,6
193,10
194,19
195,49
196,49
197,83
198,75
199,72
200,82
201,92
202,62
203,48
204,41
205,38
206,20
207,15
208,6
209,5
210,1
211,3
212,1
213,3
214,3
215,31
216,77
217,188
218,94
219,31
220,30
221,52
222,54
223,47
224,45
225,74
226,178
227,155
228,95
229,74
230,38
231,24
232,18
233,12
234,3
235,3
236,6
237,27
238,99
239,217
240,130
241,54
242,35
243,57
244,52
245,63
246,47
247,76
248,136
249,95
250,51
251,32
252,20
253,29
254,19
255,7
256,6
257,1
258,5
259,16
260,54
261,128
262,81
263,39
264,35
265,55
266,49
267,44
268,49
269,68
270,139
271,137
272,83
273,56
274,57
275,33
276,20
277,7
278,2
279,2
280,3
281,4
282,3
283,28
284,72
285,202
286,139
287,38
288,37
289,52
290,83
291,42
292,60
293,78
294,162
295,144
296,99
297,64
298,40
299,30
300,15
301,14
302,5
303,1
304,1
305,8
306,17
307,70
308,158
309,117
310,44
311,53
312,61
313,77
314,64
315,68
316,90
317,159
318,139
319,92
320,68
321,52
322,36
323,27
324,28
325,20
326,12
327,8
328,5
329,1
330,3
331,10
332,23
333,33
334,59
335,72
336,89
337,101
338,118
339,129
340,128
341,83
342,84
343,74
344,41
345,57
346,26
347,44
348,39
349,23
350,16
351,15
352,1
353,2
354,1
355,3
356,18
357,32
358,79
359,93
360,104
361,118
362,91
363,113
364,99
365,105
366,67
367,61
368,57
369,28
370,21
371,18
372,17
373,16
374,8
375,2
376,3
377,1
378,5
379,13
380,33
381,47
382,57
383,64
384,80
385,93
386,86
387,93
388,82
389,71
390,92
391,60
392,33
393,27
394,13
395,4
396,3
397,22
398,28
399,35
400,61
401,125
402,133
403,99
404,83
405,41
406,33
407,20
408,3
409,7
410,3
411,2
412,7
413,32
414,90
415,197
416,109
417,47
418,52
419,70
420,78
421,75
422,82
423,104
424,197
425,161
426,112
427,76
428,59
429,59
430,28
431,8
432,3
433,2
434,2
435,3
436,22
437,52
438,135
439,116
440,47
441,51
442,55
443,52
444,54
445,52
446,64
447,176
448,168
449,108
450,74
451,64
452,36
453,16
454,2
455,3
456,4
457,1
458,1
459,3
460,18
461,49
462,155
463,123
464,61
465,52
466,64
467,75
468,63
469,76
470,103
471,190
472,182
473,91
474,75
475,63
476,40
477,32
478,12
479,5
480,2
481,1
482,2
483,39
484,87
485,188
486,133
487,52
488,64
489,69
490,51
491,47
492,60
493,78
494,175
495,147
496,96
497,109
498,54
499,41
500,38
501,13
502,7
503,1
504,1
505,7
506,28
507,87
508,220
509,127
510,51
511,64
512,86
513,82
514,91
515,90
516,99
517,205
518,155
519,103
520,71
521,43
522,46
523,31
524,39
525,18
526,17
527,11
528,8
529,9
530,4
531,4
532,10
533,20
534,34
535,47
536,52
537,72
538,55
539,60
540,71
541,78
542,83
543,84
544,69
545,56
546,45
547,59
548,39
549,44
550,20
551,13
552,2
553,1
554,1
555,8
556,23
557,45
558,89
559,117
560,174
561,182
562,161
563,182
564,157
565,121
566,78
567,21
568,26
569,27
570,62
571,30
572,15
573,5
574,3
575,1
576,2
577,10
578,30
579,95
580,230
581,118
582,55
583,47
584,66
585,64
586,60
587,50
588,114
589,216
590,175
591,128
592,88
593,78
594,37
595,25
596,10
597,4
598,2
599,1
600,3
601,2
602,39
603,100
604,243
605,135
606,48
607,50
608,65
609,50
610,64
611,51
612,83
613,176
614,152
615,101
616,56
617,54
618,29
619,12
620,17
621,7
622,3
623,2
624,7
625,43
626,99
627,199
628,123
629,59
630,41
631,61
632,69
633,58
634,64
635,79
636,166
637,170
638,88
639,84
640,83
641,46
642,37
643,16
644,7
645,3
646,1
647,6
648,26
649,99
650,178
651,122
652,35
653,45
654,69
655,62
656,48
657,50
658,80
659,165
660,160
661,112
662,97
663,72
664,51
665,34
666,14
667,7
668,3
669,4
670,24
671,74
672,216
673,140
674,44
675,64
676,71
677,110
678,84
679,74
680,125
681,211
682,174
683,101
684,63
685,47
686,43
687,53
688,30
689,24
690,15
691,10
692,4
693,1
694,2
695,11
696,30
697,43
698,84
699,114
700,120
701,135
702,120
703,174
704,145
705,137
706,64
707,41
708,40
709,51
710,45
711,32
712,39
713,24
714,20
715,12
716,2
717,5
718,3
719,12
720,47
721,105
722,112
723,152
724,154
725,161
726,162
727,134
728,125
729,95
730,61
731,47
732,51
733,36
734,30
735,11
736,7
737,2
738,2
739,2
740,3
741,26
742,98
743,256
744,130
745,55
746,53
747,126
748,120
749,90
750,90
751,118
752,243
753,205
754,98
755,70
756,43
757,45
758,20
759,19
760,5
761,3
762,1
763,4
764,30
765,105
766,223
767,110
768,52
769,57
770,71
771,82
772,79
773,85
774,98
775,206
776,212
777,145
778,101
779,66
780,41
781,20
782,15
783,9
784,1
785,1
786,5
787,33
788,108
789,230
790,124
791,69
792,66
793,86
794,93
795,82
796,117
797,122
798,255
799,222
800,161
801,118
802,92
803,73
804,33
805,17
806,6
807,6
808,4
809,4
810,12
811,47
812,126
813,285
814,179
815,88
816,90
817,101
818,123
819,81
820,106
821,146
822,274
823,222
824,175
825,139
826,124
827,76
828,44
829,32
830,8
831,7
832,8
833,1
834,7
835,50
836,116
837,272
838,169
839,95
840,113
841,185
842,176
843,191
844,172
845,232
846,327
847,224
848,162
849,124
850,72
851,107
852,77
853,29
854,31
855,17
856,7
857,3
858,3
859,6
860,22
861,45
862,55
863,106
864,123
865,119
866,155
867,196
868,171
869,120
870,127
871,88
872,59
873,47
874,33
875,44
876,29
877,7
878,3
879,4
880,2
881,1
882,2
883,46
884,107
885,214
886,124
887,68
888,56
889,86
890,78
891,79
892,64
893,102
894,242
895,224
896,119
897,88
898,63
899,47
900,25
901,8
902,4
903,2
904,4
905,1
906,5
907,40
908,110
909,256
910,148
911,76
912,73
913,82
914,125
915,96
916,110
917,139
918,268
919,201
920,150
921,95
922,71
923,48
924,22
925,13
926,1
927,3
928,1
929,1
930,8
931,35
932,111
933,220
934,145
935,56
936,50
937,72
938,80
939,78
940,68
941,71
942,202
943,167
944,106
945,70
946,51
947,53
948,23
949,12
950,4
951,2
952,1
953,1
954,7
955,29
956,83
957,228
958,150
959,66
960,89
961,97
962,87
963,95
964,106
965,118
966,228
967,187
968,107
969,87
970,70
971,44
972,46
973,19
974,25
975,20
976,2
977,1
978,3
979,4
980,15
981,45
982,63
983,103
984,159
985,167
986,190
987,198
988,205
989,204
990,164
991,152
992,89
993,70
994,72
995,63
996,44
997,52
998,39
999,32
1000,11
1001,3
1002,2
1003,5
1004,9
1005,22
1006,31
1007,62
1008,79
1009,105
1010,39
1011,7
1012,11
1013,25
1014,23
1015,11
1016,11
1017,7
1018,10
1019,9
1020,4
1021,2
1022,1
1023,1
1024,1
1025,34
1026,91
1027,211
1028,134
1029,58
1030,60
1031,96
1032,70
1033,77
1034,96
1035,122
1036,233
1037,233
1038,145
1039,92
1040,54
1041,35
1042,22
1043,10
1044,4
1045,1
1046,7
1047,2
1048,10
1049,45
1050,128
1051,257
1052,151
1053,71
1054,78
1055,99
1056,98
1057,72
1058,112
1059,108
1060,248
1061,235
1062,150
1063,76
1064,75
1065,55
1066,41
1067,9
1068,4
1069,2
1070,3
1071,2
1072,8
1073,49
1074,141
1075,249
1076,141
1077,57
1078,59
1079,98
1080,99
1081,71
1082,79
1083,112
1084,194
1085,188
1086,134
1087,91
1088,62
1089,21
1090,18
1091,3
1092,2
1093,1
1094,3
1095,12
1096,37
1097,44
1098,24
1099,17
1100,11
1101,34
1102,12
1103,12
1104,14
1105,21
1106,111
1107,82
1108,56
1109,38
1110,28
1111,34
1112,27
1113,6
1114,8
1115,5
1116,2
1117,7
1118,32
1119,114
1120,259
1121,156
1122,78
1123,81
1124,111
1125,107
1126,89
1127,85
1128,113
1129,223
1130,153
1131,118
1132,76
1133,53
1134,64
1135,37
1136,34
1137,18
1138,14
1139,7
1140,1
1141,2
1142,4
1143,23
1144,53
1145,101
1146,99
1147,119
1148,158
1149,157
1150,166
1151,182
1152,244
1153,213
1154,145
1155,112
1156,86
1157,82
1158,63
1159,49
1160,38
1161,33
1162,23
1163,13
1164,3
1165,2
1166,10
1167,34
1168,44
1169,122
1170,181
1171,194
1172,221
1173,250
1174,304
1175,256
1176,241
1177,147
1178,101
1179,77
1180,58
1181,37
1182,28
1183,11
1184,1
1185,1
1186,3
1187,8
1188,28
1189,88
1190,241
1191,140
1192,84
1193,71
1194,94
1195,75
1196,79
1197,101
1198,107
1199,271
1200,235
1201,150
1202,129
1203,63
1204,47
1205,19
1206,14
1207,10
1208,3
1209,2
1210,11
1211,35
1212,119
1213,282
1214,157
1215,78
1216,78
1217,102
1218,97
1219,88
1220,90
1221,114
1222,217
1223,225
1224,152
1225,88
1226,55
1227,21
1228,18
1229,8
1230,3
1231,3
1232,1
1233,3
1234,31
1235,111
1236,253
1237,154
1238,68
1239,75
1240,88
1241,99
1242,100
1243,101
1244,151
1245,253
1246,237
1247,168
1248,121
1249,78
1250,59
1251,27
1252,23
1253,12
1254,8
1255,2
1256,3
1257,13
1258,51
1259,140
1260,299
1261,185
1262,78
1263,86
1264,105
1265,111
1266,119
1267,125
1268,142
1269,313
1270,310
1271,207
1272,137
1273,138
1274,87
1275,50
1276,29
1277,16
1278,14
1279,5
1280,10
1281,36
1282,123
1283,280
1284,210
1285,117
1286,159
1287,195
1288,175
1289,174
1290,173
1291,204
1292,332
1293,331
1294,190
1295,149
1296,113
1297,118
1298,86
1299,76
1300,51
1301,25
1302,8
1303,3
1304,2
1305,10
1306,13
1307,48
1308,76
1309,140
1310,196
1311,267
1312,301
1313,312
1314,313
1315,304
1316,278
1317,217
1318,154
1319,108
1320,93
1321,72
1322,50
1323,6
1324,4
1325,7
1326,4
1327,3
1328,12
1329,28
1330,95
1331,206
1332,173
1333,75
1334,89
1335,95
1336,110
1337,87
1338,111
1339,167
1340,281
1341,241
1342,136
1343,77
1344,93
1345,74
1346,53
1347,32
1348,32
1349,21
1350,9
1351,5
1352,5
1353,12
1354,18
1355,55
1356,87
1357,154
1358,198
1359,184
1360,137
1361,190
1362,136
1363,196
1364,184
1365,179
1366,148
1367,85
1368,77
1369,55
1370,53
1371,39
1372,34
1373,24
1374,11
1375,3
1376,5
1377,33
1378,33
1379,62
1380,142
1381,215
1382,243
1383,313
1384,367
1385,349
1386,292
1387,303
1388,274
1389,172
1390,144
1391,79
1392,45
1393,36
1394,31
1395,6
1396,11
1397,2
1398,1
1399,2
1400,7
1401,46
1402,157
1403,339
1404,158
1405,90
1406,124
1407,157
1408,139
1409,123
1410,143
1411,189
1412,366
1413,386
1414,278
1415,173
1416,95
1417,75
1418,48
1419,22
1420,15
1421,5
1422,4
1423,2
1424,5
1425,38
1426,134
1427,157
1428,46
1429,28
1430,19
1431,38
1432,56
1433,76
1434,68
1435,130
1436,273
1437,267
1438,160
1439,91
1440,89
1441,46
1442,26
1443,15
1444,2
1445,5
1446,4
1447,1
1448,13
1449,56
1450,133
1451,325
1452,165
1453,69
1454,93
1455,134
1456,112
1457,115
1458,117
1459,169
1460,356
1461,325
1462,232
1463,141
1464,102
1465,84
1466,40
1467,20
1468,13
1469,7
1470,3
1471,1
1472,6
1473,64
1474,160
1475,314
1476,170
1477,95
1478,122
1479,153
1480,135
1481,157
1482,160
1483,213
1484,343
1485,333
1486,226
1487,203
1488,108
1489,81
1490,54
1491,25
1492,9
1493,13
1494,1
1495,1
1496,9
1497,35
1498,113
1499,221
1500,185
1501,73
1502,98
1503,80
1504,42
1505,15
1506,25
1507,60
1508,148
1509,62
1510,53
1511,63
1512,54
1513,51
1514,35
1515,31
1516,20
1517,17
1518,14
1519,3
1520,5
1521,13
1522,21
1523,54
1524,98
1525,133
1526,142
1527,202
1528,222
1529,212
1530,201
1531,191
1532,257
1533,177
1534,130
1535,93
1536,75
1537,87
1538,57
1539,53
1540,37
1541,36
1542,16
1543,5
1544,4
1545,4
1546,10
1547,55
1548,81
1549,150
1550,202
1551,230
1552,263
1553,281
1554,297
1555,288
1556,236
1557,240
1558,131
1559,92
1560,95
1561,57
1562,32
1563,23
1564,4
1565,9
1566,1
1567,13
1568,61
1569,176
1570,314
1571,165
1572,96
1573,104
1574,134
1575,139
1576,145
1577,141
1578,235
1579,452
1580,383
1581,284
1582,166
1583,158
1584,91
1585,54
1586,24
1587,13
1588,14
1589,1
1590,6
1591,16
1592,58
1593,189
1594,226
1595,54
1596,40
1597,49
1598,92
1599,106
1600,44
1601,78
1602,99
1603,291
1604,224
1605,130
1606,103
1607,84
1608,54
1609,39
1610,15
1611,1
1612,2
1613,2
1614,3
1615,5
1616,34
1617,70
1618,164
1619,65
1620,46
1621,61
1622,95
1623,61
1624,106
1625,81
1626,142
1627,309
1628,321
1629,175
1630,126
1631,117
1632,99
1633,62
1634,21
1635,10
1636,3
1637,2
1638,9
1639,14
1640,70
1641,193
1642,337
1643,170
1644,89
1645,115
1646,145
1647,159
1648,137
1649,142
1650,202
1651,388
1652,337
1653,259
1654,169
1655,145
1656,104
1657,47
1658,27
1659,15
1660,18
1661,3
1662,3
1663,13
1664,47
1665,149
1666,300
1667,178
1668,122
1669,136
1670,200
1671,180
1672,163
1673,162
1674,243
1675,331
1676,263
1677,209
1678,118
1679,102
1680,80
1681,64
1682,43
1683,33
1684,24
1685,14
1686,5
1687,4
1688,10
1689,21
1690,45
1691,29
1692,22
1693,31
1694,32
1695,58
1696,63
1697,78
1698,33
1699,15
1700,38
1701,71
1702,53
1703,14
1704,24
1705,35
1706,33
1707,31
1708,29
1709,25
1710,7
1711,3
1712,8
1713,16
1714,43
1715,102
1716,211
1717,304
1718,354
1719,343
1720,361
1721,388
1722,343
1723,306
1724,277
1725,210
1726,141
1727,83
1728,70
1729,56
1730,39
1731,19
1732,16
1733,7
1734,6
1735,16
1736,54
1737,168
1738,297
1739,169
1740,109
1741,123
1742,184
1743,169
1744,144
1745,176
1746,205
1747,428
1748,362
1749,286
1750,165
1751,151
1752,90
1753,46
1754,25
1755,7
1756,13
1757,3
1758,5
1759,18
1760,65
1761,188
1762,351
1763,162
1764,75
1765,72
1766,103
1767,129
1768,107
1769,127
1770,192
1771,411
1772,421
1773,276
1774,168
1775,122
1776,112
1777,52
1778,96
1779,59
1780,50
1781,23
1782,17
1783,10
1784,13
1785,33
1786,59
1787,141
1788,264
1789,250
1790,281
1791,332
1792,238
1793,266
1794,214
1795,196
1796,159
1797,178
1798,121
1799,105
1800,100
1801,146
1802,177
1803,114
1804,35
1805,16
1806,17
1807,20
1808,62
1809,209
1810,371
1811,172
1812,108
1813,130
1814,187
1815,170
1816,181
1817,155
1818,269
1819,537
1820,518
1821,314
1822,218
1823,232
1824,125
1825,64
1826,16
1827,14
1828,5
1829,2
1830,4
1831,14
1832,109
1833,265
1834,459
1835,186
1836,127
1837,140
1838,217
1839,194
1840,158
1841,154
1842,271
1843,517
1844,544
1845,365
1846,290
1847,225
1848,113
1849,62
1850,27
1851,7
1852,4
1853,1
1854,3
1855,9
1856,21
1857,52
1858,79
1859,40
1860,31
1861,72
1862,124
1863,143
1864,107
1865,129
1866,195
1867,410
1868,396
1869,296
1870,191
1871,150
1872,89
1873,57
1874,27
1875,10
1876,5
1877,4
1878,7
1879,30
1880,89
1881,271
1882,440
1883,184
1884,128
1885,148
1886,196
1887,192
1888,154
1889,147
1890,269
1891,533
1892,520
1893,361
1894,258
1895,180
1896,165
1897,115
1898,56
1899,32
1900,16
1901,9
1902,1
1903,16
1904,82
1905,222
1906,450
1907,188
1908,127
1909,165
1910,246
1911,253
1912,213
1913,260
1914,344
1915,553
1916,470
1917,292
1918,190
1919,152
1920,151
1921,120
1922,86
1923,58
1924,52
1925,18
1926,5
1927,7
1928,13
1929,40
1930,115
1931,218
1932,298
1933,347
1934,373
1935,436
1936,378
1937,378
1938,342
1939,354
1940,289
1941,267
1942,219
1943,182
1944,120
1945,119
1946,100
1947,64
1948,59
1949,31
1950,10
1951,5
1952,6
1953,23
1954,86
1955,160
1956,244
1957,340
1958,382
1959,390
1960,366
1961,358
1962,385
1963,351
1964,268
1965,239
1966,174
1967,127
1968,115
1969,50
1970,53
1971,33
1972,8
1973,7
1974,4
1975,23
1976,89
1977,237
1978,374
1979,178
1980,119
1981,125
1982,195
1983,174
1984,162
1985,199
1986,304
1987,598
1988,524
1989,384
1990,239
1991,156
1992,116
1993,61
1994,18
1995,15
1996,5
1997,4
1998,2
1999,29
2000,112
2001,314
2002,425
2003,205
2004,127
2005,125
2006,217
2007,202
2008,176
2009,180
2010,327
2011,611
2012,550
2013,434
2014,291
2015,203
2016,150
2017,81
2018,38
2019,20
2020,10
2021,3
2022,2
2023,20
2024,99
2025,318
2026,442
2027,203
2028,154
2029,141
2030,226
2031,193
2032,177
2033,179
2034,289
2035,259
2036,274
2037,401
2038,273
2039,234
2040,146
2041,81
2042,44
2043,17
2044,15
2045,5
2046,6
2047,29
2048,112
2049,297
2050,421
2051,212
2052,147
2053,179
2054,207
2055,218
2056,191
2057,217
2058,288
2059,594
2060,527
2061,364
2062,276
2063,223
2064,172
2065,103
2066,52
2067,20
2068,11
2069,4
2070,5
2071,25
2072,82
2073,157
2074,387
2075,233
2076,130
2077,146
2078,223
2079,226
2080,190
2081,198
2082,300
2083,491
2084,398
2085,270
2086,152
2087,154
2088,132
2089,119
2090,102
2091,82
2092,52
2093,35
2094,5
2095,14
2096,11
2097,32
2098,88
2099,100
2100,167
2101,279
2102,279
2103,248
2104,216
2105,294
2106,295
2107,272
2108,304
2109,248
2110,157
2111,59
2112,26
2113,44
2114,39
2115,47
2116,50
2117,32
2118,13
2119,14
2120,17
2121,42
2122,70
2123,134
2124,226
2125,322
2126,367
2127,456
2128,437
2129,459
2130,440
2131,392
2132,237
2133,231
2134,191
2135,151
2136,117
2137,69
2138,38
2139,14
2140,13
2141,4
2142,6
2143,21
2144,104
2145,272
2146,394
2147,194
2148,112
2149,185
2150,209
2151,214
2152,193
2153,165
2154,226
2155,274
2156,453
2157,308
2158,198
2159,177
2160,127
2161,57
2162,31
2163,13
2164,8
2165,4
2166,4
2167,22
2168,49
2169,151
2170,347
2171,207
2172,104
2173,130
2174,153
2175,172
2176,184
2177,210
2178,290
2179,604
2180,480
2181,349
2182,283
2183,174
2184,98
2185,56
2186,23
2187,12
2188,6
2189,9
2190,3
2191,9
2192,101
2193,274
2194,453
2195,202
2196,106
2197,23
2198,54
2199,122
2200,138
2201,167
2202,294
2203,565
2204,489
2205,331
2206,213
2207,85
2208,117
2209,59
2210,29
2211,6
2212,15
2213,4
2214,5
2215,26
2216,103
2217,257
2218,487
2219,216
2220,130
2221,164
2222,168
2223,183
2224,180
2225,188
2226,302
2227,547
2228,513
2229,410
2230,282
2231,209
2232,79
2233,72
2234,34
2235,17
2236,3
2237,6
2238,4
2239,21
2240,128
2241,284
2242,454
2243,207
2244,115
2245,112
2246,169
2247,154
2248,145
2249,152
2250,266
2251,486
2252,309
2253,264
2254,256
2255,190
2256,129
2257,69
2258,42
2259,15
2260,6
2261,4
2262,3
2263,31
2264,113
2265,304
2266,467
2267,225
2268,139
2269,165
2270,232
2271,203
2272,185
2273,188
2274,318
2275,572
2276,525
2277,379
2278,337
2279,248
2280,155
2281,112
2282,68
2283,22
2284,12
2285,5
2286,6
2287,28
2288,106
2289,277
2290,502
2291,230
2292,161
2293,192
2294,259
2295,248
2296,240
2297,212
2298,349
2299,558
2300,564
2301,391
2302,293
2303,247
2304,171
2305,171
2306,93
2307,94
2308,59
2309,18
2310,15
2311,8
2312,28
2313,87
2314,125
2315,224
2316,317
2317,369
2318,420
2319,456
2320,451
2321,404
2322,440
2323,344
2324,341
2325,285
2326,239
2327,185
2328,190
2329,150
2330,113
2331,96
2332,64
2333,47
2334,12
2335,6
2336,21
2337,27
2338,98
2339,164
2340,251
2341,335
2342,335
2343,367
2344,385
2345,417
2346,398
2347,390
2348,363
2349,357
2350,279
2351,165
2352,130
2353,86
2354,29
2355,14
2356,8
2357,5
2358,8
2359,31
2360,112
2361,299
2362,438
2363,188
2364,95
2365,111
2366,153
2367,180
2368,145
2369,165
2370,267
2371,579
2372,556
2373,407
2374,336
2375,189
2376,173
2377,60
2378,20
2379,4
2380,5
2381,2
2382,5
2383,32
2384,126
2385,334
2386,477
2387,217
2388,123
2389,151
2390,183
2391,196
2392,146
2393,183
2394,308
2395,539
2396,551
2397,424
2398,346
2399,218
2400,153
2401,90
2402,41
2403,23
2404,7
2405,3
2406,6
2407,21
2408,116
2409,353
2410,481
2411,202
2412,90
2413,134
2414,149
2415,136
2416,155
2417,128
2418,233
2419,506
2420,459
2421,384
2422,280
2423,202
2424,176
2425,116
2426,47
2427,16
2428,6
2429,2
2430,6
2431,20
2432,118
2433,314
2434,432
2435,168
2436,94
2437,118
2438,140
2439,136
2440,118
2441,104
2442,200
2443,409
2444,466
2445,326
2446,254
2447,171
2448,153
2449,97
2450,69
2451,23
2452,13
2453,6
2454,4
2455,28
2456,104
2457,267
2458,452
2459,213
2460,111
2461,153
2462,207
2463,189
2464,165
2465,212
2466,285
2467,517
2468,463
2469,306
2470,250
2471,218
2472,185
2473,146
2474,117
2475,77
2476,60
2477,28
2478,13
2479,16
2480,40
2481,68
2482,143
2483,230
2484,264
2485,325
2486,347
2487,387
2488,380
2489,374
2490,394
2491,337
2492,286
2493,264
2494,275
2495,220
2496,190
2497,131
2498,119
2499,93
2500,66
2501,28
2502,14
2503,10
2504,14
2505,34
2506,92
2507,182
2508,311
2509,367
2510,420
2511,373
2512,315
2513,360
2514,350
2515,252
2516,256
2517,223
2518,206
2519,140
2520,128
2521,107
2522,28
2523,16
2524,10
2525,7
2526,4
2527,29
2528,105
2529,328
2530,476
2531,224
2532,118
2533,159
2534,196
2535,227
2536,200
2537,185
2538,326
2539,601
2540,586
2541,423
2542,331
2543,218
2544,134
2545,89
2546,31
2547,13
2548,10
2549,2
2550,3
2551,26
2552,113
2553,365
2554,486
2555,193
2556,130
2557,143
2558,169
2559,209
2560,159
2561,178
2562,330
2563,569
2564,538
2565,386
2566,297
2567,243
2568,188
2569,110
2570,52
2571,14
2572,9
2573,1
2574,4
2575,21
2576,121
2577,370
2578,498
2579,207
2580,135
2581,164
2582,211
2583,189
2584,178
2585,164
2586,312
2587,638
2588,607
2589,416
2590,330
2591,257
2592,175
2593,107
2594,47
2595,17
2596,5
2597,4
2598,6
2599,25
2600,112
2601,188
2602,388
2603,261
2604,121
2605,150
2606,206
2607,151
2608,153
2609,159
2610,294
2611,272
2612,325
2613,327
2614,201
2615,188
2616,151
2617,16
2618,24
2619,23
2620,13
2621,6
2622,6
2623,13
2624,97
2625,250
2626,454
2627,224
2628,170
2629,181
2630,243
2631,204
2632,215
2633,243
2634,355
2635,552
2636,450
2637,328
2638,232
2639,208
2640,175
2641,178
2642,104
2643,95
2644,53
2645,20
2646,5
2647,7
2648,27
2649,57
2650,131
2651,218
2652,244
2653,404
2654,420
2655,327
2656,334
2657,367
2658,468
2659,449
2660,381
2661,326
2662,188
2663,183
2664,161
2665,150
2666,89
2667,76
2668,72
2669,30
2670,17
2671,19
2672,33
2673,71
2674,84
2675,169
2676,244
2677,377
2678,396
2679,363
2680,317
2681,362
2682,378
2683,397
2684,296
2685,311
2686,232
2687,167
2688,152
2689,92
2690,68
2691,31
2692,13
2693,11
2694,6
2695,30
2696,108
2697,243
2698,492
2699,260
2700,170
2701,214
2702,263
2703,292
2704,303
2705,381
2706,427
2707,461
2708,422
2709,318
2710,269
2711,218
2712,222
2713,140
2714,115
2715,78
2716,52
2717,26
2718,11
2719,14
2720,32
2721,45
2722,132
2723,179
2724,271
2725,357
2726,374
2727,404
2728,392
2729,331
2730,398
2731,349
2732,383
2733,305
2734,284
2735,232
2736,201
2737,154
2738,144
2739,78
2740,69
2741,33
2742,5
2743,1
2744,3
2745,25
2746,92
2747,181
2748,264
2749,390
2750,404
2751,421
2752,375
2753,376
2754,414
2755,358
2756,181
2757,183
2758,176
2759,167
2760,162
2761,147
2762,140
2763,119
2764,63
2765,26
2766,12
2767,4
2768,16
2769,36
2770,86
2771,238
2772,280
2773,349
2774,447
2775,423
2776,408
2777,408
2778,452
2779,436
2780,418
2781,375
2782,386
2783,457
2784,326
2785,138
2786,55
2787,39
2788,13
2789,8
2790,5
2791,20
2792,94
2793,270
2794,432
2795,227
2796,139
2797,172
2798,201
2799,203
2800,178
2801,162
2802,281
2803,545
2804,496
2805,368
2806,284
2807,245
2808,155
2809,73
2810,37
2811,15
2812,5
2813,6
2814,6
2815,35
2816,121
2817,312
2818,428
2819,189
2820,43
2821,127
2822,152
2823,140
2824,163
2825,185
2826,275
2827,596
2828,563
2829,394
2830,312
2831,241
2832,186
2833,98
2834,35
2835,16
2836,8
2837,4
2838,4
2839,32
2840,118
2841,292
2842,443
2843,179
2844,101
2845,142
2846,171
2847,155
2848,160
2849,166
2850,265
2851,569
2852,562
2853,365
2854,285
2855,209
2856,182
2857,129
2858,47
2859,34
2860,22
2861,6
2862,11
2863,27
2864,102
2865,332
2866,457
2867,241
2868,138
2869,165
2870,213
2871,229
2872,216
2873,141
2874,132
2875,167
2876,316
2877,270
2878,250
2879,204
2880,169
2881,151
2882,121
2883,53
2884,55
2885,30
2886,6
2887,15
2888,38
2889,71
2890,182
2891,247
2892,264
2893,290
2894,366
2895,416
2896,373
2897,402
2898,416
2899,401
2900,378
2901,306
2902,314
2903,238
2904,214
2905,140
2906,154
2907,113
2908,96
2909,25
2910,5
2911,17
2912,25
2913,65
2914,92
2915,169
2916,268
2917,287
2918,377
2919,367
2920,349
2921,361
2922,372
2923,363
2924,363
2925,303
2926,268
2927,227
2928,143
2929,72
2930,35
2931,10
2932,12
2933,10
2934,4
2935,26
2936,121
2937,317
2938,420
2939,208
2940,117
2941,128
2942,148
2943,141
2944,134
2945,146
2946,239
2947,514
2948,472
2949,373
2950,236
2951,130
2952,90
2953,55
2954,22
2955,14
2956,9
2957,8
2958,6
2959,25
2960,115
2961,330
2962,417
2963,176
2964,123
2965,125
2966,163
2967,136
2968,124
2969,148
2970,202
2971,428
2972,511
2973,337
2974,308
2975,258
2976,194
2977,79
2978,46
2979,12
2980,5
2981,4
2982,5
2983,26
2984,121
2985,313
2986,449
2987,186
2988,113
2989,165
2990,174
2991,158
2992,116
2993,46
2994,141
2995,488
2996,463
2997,419
2998,342
2999,250
3000,184
3001,116
3002,46
3003,25
3004,10
3005,6
3006,6
3007,28
3008,130
3009,334
3010,486
3011,224
3012,127
3013,148
3014,223
3015,177
3016,178
3017,180
3018,274
3019,595
3020,578
3021,400
3022,348
3023,261
3024,176
3025,124
3026,80
3027,20
3028,38
3029,7
3030,10
3031,23
3032,120
3033,274
3034,564
3035,207
3036,166
3037,210
3038,238
3039,247
3040,265
3041,237
3042,361
3043,587
3044,496
3045,394
3046,343
3047,261
3048,223
3049,167
3050,110
3051,75
3052,58
3053,26
3054,16
3055,10
3056,37
3057,52
3058,127
3059,222
3060,322
3061,396
3062,463
3063,497
3064,433
3065,428
3066,425
3067,475
3068,428
3069,406
3070,296
3071,252
3072,201
3073,168
3074,125
3075,102
3076,94
3077,47
3078,10
3079,12
3080,21
3081,50
3082,118
3083,184
3084,304
3085,391
3086,420
3087,472
3088,430
3089,324
3090,317
3091,369
3092,390
3093,379
3094,262
3095,207
3096,181
3097,93
3098,51
3099,25
3100,10
3101,7
3102,4
3103,17
3104,105
3105,277
3106,347
3107,203
3108,130
3109,141
3110,165
3111,152
3112,138
3113,164
3114,265
3115,545
3116,558
3117,398
3118,323
3119,202
3120,140
3121,91
3122,51
3123,13
3124,13
3125,3
3126,5
3127,19
3128,134
3129,315
3130,412
3131,199
3132,141
3133,127
3134,153
3135,172
3136,152
3137,158
3138,277
3139,513
3140,530
3141,388
3142,277
3143,241
3144,156
3145,92
3146,29
3147,17
3148,11
3149,4
3150,4
3151,26
3152,100
3153,282
3154,382
3155,166
3156,97
3157,119
3158,168
3159,150
3160,123
3161,129
3162,231
3163,514
3164,543
3165,413
3166,305
3167,220
3168,137
3169,96
3170,29
3171,12
3172,8
3173,5
3174,10
3175,21
3176,117
3177,335
3178,435
3179,213
3180,140
3181,128
3182,157
3183,203
3184,159
3185,168
3186,274
3187,556
3188,556
3189,454
3190,288
3191,254
3192,191
3193,132
3194,43
3195,16
3196,11
3197,4
3198,7
3199,24
3200,110
3201,271
3202,437
3203,195
3204,68
3205,122
3206,161
3207,144
3208,147
3209,118
3210,150
3211,425
3212,492
3213,321
3214,87
3215,88
3216,77
3217,56
3218,17
3219,17
3220,7
3221,3
3222,7
3223,20
3224,97
3225,282
3226,398
3227,187
3228,113
3229,149
3230,205
3231,205
3232,167
3233,165
3234,290
3235,555
3236,523
3237,366
3238,286
3239,211
3240,174
3241,132
3242,54
3243,19
3244,19
3245,6
3246,7
3247,16
3248,101
3249,270
3250,454
3251,226
3252,163
3253,147
3254,216
3255,204
3256,245
3257,210
3258,330
3259,550
3260,466
3261,372
3262,291
3263,173
3264,188
3265,139
3266,133
3267,67
3268,53
3269,42
3270,10
3271,6
3272,27
3273,63
3274,121
3275,215
3276,290
3277,349
3278,382
3279,441
3280,380
3281,362
3282,343
3283,149
3284,211
3285,171
3286,137
3287,114
3288,120
3289,108
3290,80
3291,73
3292,66
3293,32
3294,6
3295,5
3296,13
3297,39
3298,89
3299,184
3300,266
3301,269
3302,370
3303,324
3304,322
3305,326
3306,193
3307,194
3308,229
3309,228
3310,183
3311,136
3312,103
3313,55
3314,30
3315,12
3316,7
3317,1
3318,10
3319,15
3320,95
3321,267
3322,349
3323,183
3324,124
3325,179
3326,182
3327,151
3328,150
3329,126
3330,282
3331,527
3332,529
3333,416
3334,286
3335,186
3336,147
3337,72
3338,35
3339,14
3340,12
3341,3
3342,7
3343,30
3344,101
3345,343
3346,392
3347,175
3348,144
3349,149
3350,185
3351,175
3352,148
3353,164
3354,285
3355,532
3356,585
3357,371
3358,292
3359,230
3360,155
3361,75
3362,37
3363,17
3364,11
3365,4
3366,5
3367,32
3368,119
3369,305
3370,399
3371,180
3372,113
3373,149
3374,240
3375,191
3376,178
3377,194
3378,282
3379,584
3380,559
3381,413
3382,312
3383,209
3384,139
3385,108
3386,46
3387,26
3388,11
3389,9
3390,5
3391,25
3392,106
3393,307
3394,390
3395,197
3396,132
3397,187
3398,214
3399,217
3400,142
3401,178
3402,298
3403,582
3404,571
3405,371
3406,288
3407,206
3408,157
3409,127
3410,65
3411,23
3412,15
3413,9
3414,5
3415,26
3416,76
3417,264
3418,426
3419,205
3420,130
3421,156
3422,222
3423,253
3424,186
3425,249
3426,334
3427,516
3428,465
3429,385
3430,287
3431,226
3432,231
3433,151
3434,84
3435,77
3436,74
3437,27
3438,10
3439,18
3440,22
3441,44
3442,118
3443,208
3444,260
3445,314
3446,421
3447,153
3448,259
3449,358
3450,281
3451,269
3452,292
3453,237
3454,183
3455,167
3456,154
3457,120
3458,90
3459,73
3460,62
3461,27
3462,3
3463,10
3464,6
3465,24
3466,41
3467,103
3468,183
3469,198
3470,281
3471,377
3472,370
3473,331
3474,292
3475,329
3476,347
3477,259
3478,193
3479,155
3480,39
3481,27
3482,25
3483,10
3484,3
3485,7
3486,5
3487,17
3488,90
3489,258
3490,355
3491,222
3492,141
3493,153
3494,178
3495,193
3496,151
3497,182
3498,283
3499,530
3500,483
3501,397
3502,285
3503,184
3504,98
3505,88
3506,31
3507,16
3508,4
3509,6
3510,5
3511,30
3512,119
3513,346
3514,441
3515,198
3516,111
3517,150
3518,162
3519,192
3520,182
3521,159
3522,303
3523,600
3524,570
3525,376
3526,280
3527,215
3528,152
3529,77
3530,24
3531,14
3532,6
3533,5
3534,5
3535,28
3536,105
3537,308
3538,487
3539,209
3540,118
3541,128
3542,189
3543,176
3544,192
3545,159
3546,300
3547,552
3548,556
3549,347
3550,280
3551,230
3552,171
3553,105
3554,56
3555,24
3556,6
3557,6
3558,9
3559,27
3560,103
3561,308
3562,420
3563,228
3564,129
3565,141
3566,173
3567,187
3568,182
3569,174
3570,245
3571,409
3572,274
3573,141
3574,165
3575,149
3576,135
3577,114
3578,62
3579,20
3580,8
3581,3
3582,8
3583,17
3584,93
3585,263
3586,398
3587,218
3588,165
3589,165
3590,222
3591,232
3592,220
3593,222
3594,327
3595,527
3596,425
3597,165
3598,58
3599,107
3600,122
3601,106
3602,51
3603,21
3604,25
3605,14
3606,7
3607,23
3608,105
3609,342
3610,498
3611,207
3612,138
3613,192
3614,229
3615,219
3616,198
3617,174
3618,308
3619,628
3620,531
3621,443
3622,280
3623,177
3624,179
3625,126
3626,64
3627,32
3628,20
3629,8
3630,4
3631,20
3632,76
3633,259
3634,456
3635,220
3636,140
3637,192
3638,260
3639,279
3640,283
3641,346
3642,381
3643,455
3644,355
3645,287
3646,196
3647,149
3648,147
3649,98
3650,87
3651,74
3652,41
3653,35
3654,7
3655,12
3656,23
3657,38
3658,89
3659,201
3660,258
3661,194
3662,257
3663,353
3664,380
3665,388
3666,374
3667,371
3668,339
3669,295
3670,219
3671,164
3672,162
3673,123
3674,109
3675,75
3676,60
3677,43
3678,4
3679,6
3680,3
3681,30
3682,70
3683,189
3684,297
3685,337
3686,435
3687,419
3688,361
3689,410
3690,337
3691,376
3692,356
3693,328
3694,229
3695,207
3696,155
3697,104
3698,97
3699,54
3700,39
3701,16
3702,8
3703,6
3704,11
3705,41
3706,101
3707,152
3708,244
3709,308
3710,353
3711,389
3712,357
3713,253
3714,284
3715,114
3716,123
3717,175
3718,82
3719,60
3720,64
3721,20
3722,8
3723,2
3724,1
3725,4
3726,21
3727,72
3728,172
3729,364
3730,185
3731,106
3732,89
3733,67
3734,29
3735,24
3736,89
3737,106
3738,291
3739,373
3740,281
3741,163
3742,121
3743,84
3744,58
3745,13
3746,5
3747,6
3748,2
3749,4
3750,16
3751,75
3752,86
3753,328
3754,190
3755,66
3756,10
3757,22
3758,11
3759,25
3760,58
3761,144
3762,285
3763,237
3764,226
3765,96
3766,38
3767,29
3768,24
3769,14
3770,4
3771,2
3772,3
3773,14
3774,56
3775,179
3776,195
3777,69
3778,65
3779,98
3780,102
3781,126
3782,120
3783,139
3784,156
3785,113
3786,68
3787,52
3788,89
3789,82
3790,70
3791,26
3792,16
3793,8
3794,8
3795,2
3796,3
3797,14
3798,57
3799,108
3800,288
3801,136
3802,29
3803,72
3804,75
3805,122
3806,148
3807,188
3808,285
3809,505
3810,410
3811,349
3812,210
3813,203
3814,160
3815,148
3816,116
3817,83
3818,64
3819,37
3820,7
3821,8
3822,6
3823,52
3824,119
3825,207
3826,318
3827,360
3828,404
3829,370
3830,359
3831,480
3832,431
3833,460
3834,360
3835,315
3836,245
3837,230
3838,175
3839,139
3840,108
3841,88
3842,76
3843,45
3844,9
3845,39
3846,20
3847,37
3848,94
3849,227
3850,334
3851,402
3852,411
3853,350
3854,342
3855,404
3856,483
3857,380
3858,339
3859,333
3860,226
3861,159
3862,95
3863,45
3864,16
3865,12
3866,2
3867,4
3868,24
3869,109
3870,312
3871,408
3872,176
3873,129
3874,165
3875,184
3876,163
3877,189
3878,212
3879,298
3880,590
3881,571
3882,436
3883,299
3884,195
3885,150
3886,69
3887,26
3888,10
3889,2
3890,4
3891,8
3892,20
3893,122
3894,362
3895,425
3896,214
3897,135
3898,153
3899,187
3900,184
3901,190
3902,180
3903,292
3904,579
3905,539
3906,396
3907,272
3908,245
3909,144
3910,74
3911,33
3912,8
3913,5
3914,8
3915,9
3916,31
3917,145
3918,370
3919,429
3920,202
3921,142
3922,164
3923,212
3924,178
3925,124
3926,176
3927,277
3928,599
3929,586
3930,381
3931,261
3932,213
3933,160
3934,72
3935,37
3936,20
3937,5
3938,8
3939,7
3940,31
3941,124
3942,338
3943,391
3944,209
3945,121
3946,159
3947,179
3948,189
3949,170
3950,135
3951,222
3952,261
3953,244
3954,232
3955,248
3956,145
3957,115
3958,69
3959,48
3960,26
3961,10
3962,6
3963,4
3964,32
3965,93
3966,299
3967,409
3968,210
3969,140
3970,179
3971,251
3972,223
3973,225
3974,203
3975,358
3976,566
3977,482
3978,315
3979,225
3980,163
3981,167
3982,126
3983,108
3984,80
3985,79
3986,28
3987,5
3988,5
3989,22
3990,37
3991,108
3992,177
3993,249
3994,367
3995,372
3996,349
3997,297
3998,354
3999,305
4000,359
4001,329
4002,256
4003,176
4004,170
4005,143
4006,136
4007,112
4008,79
4009,89
4010,36
4011,1
4012,6
4013,12
4014,44
4015,69
4016,140
4017,260
4018,317
4019,364
4020,376
4021,311
4022,365
4023,369
4024,325
4025,289
4026,245
4027,180
4028,147
4029,84
4030,54
4031,37
4032,10
4033,13
4034,5
4035,8
4036,28
4037,113
4038,332
4039,420
4040,215
4041,105
4042,139
4043,189
4044,177
4045,188
4046,187
4047,263
4048,568
4049,540
4050,374
4051,231
4052,200
4053,129
4054,68
4055,130
4056,58
4057,67
4058,25
4059,8
4060,5
4061,19
4062,36
4063,67
4064,129
4065,121
4066,132
4067,158
4068,125
4069,180
4070,195
4071,223
4072,228
4073,140
4074,126
4075,66
4076,56
4077,70
4078,65
4079,47
4080,24
4081,30
4082,9
4083,7
4084,7
4085,15
4086,29
4087,64
4088,115
4089,248
4090,292
4091,321
4092,308
4093,256
4094,173
4095,206
4096,167
4097,174
4098,162
4099,87
4100,88
4101,64
4102,25
4103,16
4104,6
4105,4
4106,7
4107,8
4108,21
4109,94
4110,249
4111,372
4112,153
4113,101
4114,126
4115,147
4116,118
4117,120
4118,101
4119,218
4120,495
4121,412
4122,315
4123,204
4124,138
4125,91
4126,54
4127,27
4128,9
4129,3
4130,6
4131,7
4132,27
4133,112
4134,309
4135,400
4136,187
4137,126
4138,124
4139,199
4140,173
4141,183
4142,194
4143,309
4144,585
4145,524
4146,345
4147,261
4148,166
4149,114
4150,66
4151,43
4152,11
4153,3
4154,6
4155,5
4156,32
4157,117
4158,301
4159,467
4160,219
4161,133
4162,170
4163,214
4164,219
4165,190
4166,182
4167,282
4168,591
4169,593
4170,374
4171,246
4172,201
4173,154
4174,73
4175,40
4176,22
4177,10
4178,5
4179,5
4180,24
4181,114
4182,302
4183,457
4184,208
4185,129
4186,144
4187,226
4188,191
4189,195
4190,219
4191,323
4192,568
4193,538
4194,343
4195,260
4196,195
4197,148
4198,99
4199,67
4200,28
4201,5
4202,10
4203,5
4204,27
4205,87
4206,242
4207,417
4208,241
4209,174
4210,230
4211,235
4212,305
4213,256
4214,270
4215,419
4216,563
4217,465
4218,294
4219,197
4220,166
4221,146
4222,136
4223,89
4224,65
4225,45
4226,20
4227,10
4228,8
4229,22
4230,73
4231,103
4232,217
4233,337
4234,397
4235,446
4236,485
4237,465
4238,496
4239,451
4240,393
4241,359
4242,248
4243,202
4244,187
4245,149
4246,142
4247,129
4248,78
4249,55
4250,30
4251,14
4252,15
4253,21
4254,44
4255,107
4256,185
4257,365
4258,423
4259,455
4260,418
4261,500
4262,407
4263,470
4264,438
4265,414
4266,302
4267,193
4268,173
4269,152
4270,123
4271,53
4272,34
4273,19
4274,11
4275,6
4276,21
4277,44
4278,114
4279,254
4280,219
4281,265
4282,322
4283,365
4284,365
4285,370
4286,384
4287,402
4288,459
4289,473
4290,336
4291,225
4292,175
4293,126
4294,75
4295,30
4296,11
4297,5
4298,3
4299,5
4300,20
4301,123
4302,352
4303,406
4304,235
4305,149
4306,123
4307,181
4308,180
4309,171
4310,175
4311,320
4312,604
4313,539
4314,318
4315,234
4316,175
4317,147
4318,57
4319,25
4320,10
4321,2
4322,2
4323,7
4324,22
4325,112
4326,259
4327,404
4328,197
4329,113
4330,120
4331,62
4332,101
4333,78
4334,45
4335,55
4336,251
4337,172
4338,109
4339,90
4340,83
4341,43
4342,54
4343,15
4344,12
4345,4
4346,6
4347,7
4348,17
4349,52
4350,81
4351,209
4352,109
4353,69
4354,84
4355,105
4356,162
4357,133
4358,155
4359,276
4360,479
4361,268
4362,205
4363,181
4364,123
4365,114
4366,47
4367,39
4368,24
4369,6
4370,7
4371,8
4372,17
4373,94
4374,147
4375,209
4376,180
4377,125
4378,87
4379,75
4380,132
4381,156
4382,230
4383,344
4384,481
4385,423
4386,248
4387,196
4388,178
4389,143
4390,95
4391,106
4392,73
4393,56
4394,23
4395,6
4396,7
4397,20
4398,57
4399,125
4400,207
4401,322
4402,374
4403,456
4404,394
4405,472
4406,377
4407,443
4408,441
4409,372
4410,238
4411,179
4412,168
4413,166
4414,135
4415,107
4416,77
4417,65
4418,42
4419,12
4420,7
4421,10
4422,48
4423,99
4424,190
4425,347
4426,377
4427,444
4428,438
4429,462
4430,412
4431,466
4432,405
4433,328
4434,233
4435,178
4436,102
4437,130
4438,62
4439,37
4440,17
4441,7
4442,2
4443,5
4444,29
4445,114
4446,309
4447,414
4448,206
4449,135
4450,166
4451,205
4452,205
4453,166
4454,208
4455,302
4456,620
4457,518
4458,333
4459,229
4460,177
4461,104
4462,62
4463,31
4464,11
4465,5
4466,1
4467,4
4468,21
4469,109
4470,341
4471,499
4472,227
4473,102
4474,147
4475,201
4476,219
4477,169
4478,205
4479,304
4480,625
4481,570
4482,317
4483,227
4484,206
4485,137
4486,70
4487,34
4488,16
4489,7
4490,3
4491,3
4492,31
4493,68
4494,210
4495,202
4496,123
4497,149
4498,130
4499,106
4500,97
4501,120
4502,201
4503,181
4504,140
4505,197
4506,145
4507,85
4508,107
4509,69
4510,21
4511,11
4512,4
4513,6
4514,8
4515,18
4516,93
4517,254
4518,419
4519,222
4520,135
4521,117
4522,176
4523,167
4524,150
4525,186
4526,298
4527,506
4528,460
4529,313
4530,209
4531,127
4532,96
4533,72
4534,19
4535,10
4536,2
4537,2
4538,4
4539,27
4540,92
4541,251
4542,472
4543,228
4544,133
4545,144
4546,189
4547,161
4548,172
4549,187
4550,266
4551,553
4552,479
4553,282
4554,182
4555,168
4556,106
4557,57
4558,31
4559,15
4560,7
4561,5
4562,4
4563,28
4564,99
4565,292
4566,402
4567,164
4568,110
4569,120
4570,179
4571,169
4572,152
4573,162
4574,267
4575,498
4576,433
4577,252
4578,209
4579,144
4580,137
4581,95
4582,43
4583,17
4584,10
4585,8
4586,7
4587,23
4588,66
4589,245
4590,395
4591,254
4592,134
4593,162
4594,197
4595,194
4596,201
4597,237
4598,290
4599,480
4600,374
4601,196
4602,186
4603,123
4604,115
4605,89
4606,52
4607,62
4608,31
4609,8
4610,8
4611,2
4612,23
4613,34
4614,84
4615,141
4616,227
4617,238
4618,372
4619,355
4620,386
4621,343
4622,335
4623,334
4624,237
4625,204
4626,165
4627,118
4628,82
4629,85
4630,75
4631,115
4632,29
4633,9
4634,6
4635,5
4636,16
4637,28
4638,90
4639,170
4640,262
4641,320
4642,346
4643,314
4644,320
4645,306
4646,347
4647,256
4648,185
4649,151
4650,116
4651,88
4652,45
4653,50
4654,15
4655,8
4656,2
4657,3
4658,6
4659,26
4660,99
4661,311
4662,410
4663,174
4664,123
4665,128
4666,179
4667,189
4668,145
4669,170
4670,295
4671,528
4672,425
4673,300
4674,204
4675,139
4676,108
4677,48
4678,18
4679,11
4680,1
4681,3
4682,4
4683,18
4684,99
4685,323
4686,466
4687,191
4688,129
4689,147
4690,203
4691,196
4692,161
4693,188
4694,289
4695,499
4696,462
4697,278
4698,181
4699,182
4700,108
4701,48
4702,13
4703,10
4704,5
4705,4
4706,4
4707,28
4708,98
4709,300
4710,456
4711,219
4712,105
4713,152
4714,180
4715,167
4716,179
4717,151
4718,281
4719,485
4720,408
4721,304
4722,219
4723,161
4724,114
4725,66
4726,24
4727,11
4728,5
4729,11
4730,3
4731,23
4732,114
4733,272
4734,436
4735,211
4736,117
4737,108
4738,167
4739,96
4740,64
4741,62
4742,73
4743,177
4744,273
4745,211
4746,168
4747,136
4748,89
4749,82
4750,66
4751,19
4752,11
4753,6
4754,8
4755,13
4756,46
4757,121
4758,258
4759,201
4760,200
4761,170
4762,239
4763,236
4764,247
4765,216
4766,238
4767,310
4768,208
4769,199
4770,109
4771,83
4772,91
4773,73
4774,64
4775,54
4776,46
4777,17
4778,7
4779,4
4780,7
4781,27
4782,101
4783,160
4784,232
4785,315
4786,366
4787,353
4788,435
4789,386
4790,361
4791,285
4792,203
4793,171
4794,132
4795,122
4796,118
4797,101
4798,73
4799,71
4800,57
4801,28
4802,6
4803,5
4804,23
4805,43
4806,79
4807,135
4808,241
4809,295
4810,354
4811,339
4812,371
4813,310
4814,319
4815,231
4816,190
4817,157
4818,139
4819,95
4820,89
4821,67
4822,30
4823,11
4824,17
4825,7
4826,5
4827,19
4828,114
4829,322
4830,452
4831,233
4832,111
4833,128
4834,202
4835,203
4836,185
4837,195
4838,315
4839,519
4840,489
4841,302
4842,240
4843,213
4844,113
4845,61
4846,22
4847,10
4848,15
4849,4
4850,7
4851,28
4852,108
4853,319
4854,480
4855,200
4856,138
4857,134
4858,176
4859,153
4860,147
4861,191
4862,271
4863,451
4864,441
4865,286
4866,238
4867,168
4868,128
4869,80
4870,31
4871,5
4872,10
4873,5
4874,4
4875,13
4876,56
4877,137
4878,232
4879,82
4880,36
4881,60
4882,54
4883,58
4884,61
4885,66
4886,123
4887,233
4888,189
4889,111
4890,99
4891,75
4892,46
4893,31
4894,24
4895,5
4896,5
4897,3
4898,4
4899,22
4900,75
4901,168
4902,355
4903,198
4904,81
4905,97
4906,121
4907,124
4908,110
4909,116
4910,195
4911,399
4912,307
4913,217
4914,169
4915,116
4916,84
4917,58
4918,30
4919,10
4920,10
4921,2
4922,5
4923,22
4924,71
4925,216
4926,375
4927,213
4928,115
4929,140
4930,165
4931,177
4932,154
4933,178
4934,209
4935,378
4936,328
4937,190
4938,137
4939,111
4940,97
4941,59
4942,53
4943,35
4944,46
4945,15
4946,8
4947,2
4948,12
4949,41
4950,92
4951,142
4952,200
4953,233
4954,311
4955,363
4956,349
4957,382
4958,287
4959,232
4960,208
4961,182
4962,163
4963,108
4964,106
4965,93
4966,20
4967,10
4968,9
4969,7
4970,1
4971,24
4972,97
4973,276
4974,477
4975,224
4976,93
4977,102
4978,148
4979,154
4980,150
4981,154
4982,201
4983,418
4984,405
4985,228
4986,190
4987,162
4988,104
4989,73
4990,38
4991,15
4992,10
4993,1
4994,3
4995,23
4996,87
4997,205
4998,445
4999,246
5000,105
5001,160
5002,204
5003,207
5004,170
5005,199
5006,276
5007,411
5008,372
5009,265
5010,190
5011,111
5012,102
5013,95
5014,75
5015,71
5016,50
5017,9
5018,8
5019,6
5020,11
5021,26
5022,63
5023,124
5024,195
5025,275
5026,358
5027,292
5028,343
5029,337
5030,305
5031,232
5032,224
5033,175
5034,127
5035,109
5036,114
5037,85
5038,83
5039,74
5040,62
5041,41
5042,11
5043,4
5044,4
5045,26
5046,55
5047,126
5048,216
5049,254
5050,329
5051,357
5052,323
5053,296
5054,330
5055,245
5056,171
5057,173
5058,124
5059,72
5060,64
5061,45
5062,24
5063,12
5064,8
5065,2
5066,7
5067,25
5068,90
5069,283
5070,404
5071,190
5072,87
5073,123
5074,154
5075,171
5076,133
5077,148
5078,248
5079,446
5080,399
5081,308
5082,205
5083,176
5084,106
5085,62
5086,28
5087,16
5088,3
5089,3
5090,7
5091,20
5092,86
5093,234
5094,414
5095,204
5096,50
5097,32
5098,55
5099,71
5100,75
5101,45
5102,88
5103,262
5104,304
5105,233
5106,110
5107,114
5108,87
5109,53
5110,33
5111,13
5112,6
5113,3
5114,1
5115,3
5116,18
5117,46
5118,86
5119,64
5120,33
5121,50
5122,33
5123,33
5124,25
5125,30
5126,31
5127,52
5128,51
5129,33
5130,26
5131,6
5132,13
5133,16
5134,21
5135,7
5136,4
5137,1
5138,2
5139,12
5140,71
5141,244
5142,429
5143,225
5144,110
5145,106
5146,156
5147,124
5148,137
5149,117
5150,208
5151,331
5152,318
5153,232
5154,175
5155,139
5156,92
5157,61
5158,34
5159,14
5160,12
5161,6
5162,2
5163,20
5164,63
5165,199
5166,385
5167,264
5168,126
5169,136
5170,173
5171,168
5172,187
5173,189
5174,250
5175,362
5176,318
5177,199
5178,150
5179,140
5180,129
5181,94
5182,77
5183,66
5184,60
5185,25
5186,3
5187,6
5188,11
5189,11
5190,73
5191,149
5192,192
5193,236
5194,283
5195,286
5196,293
5197,299
5198,241
5199,185
5200,172
5201,154
5202,124
5203,83
5204,95
5205,66
5206,74
5207,62
5208,52
5209,19
5210,5
5211,6
5212,10
5213,31
5214,72
5215,107
5216,194
5217,197
5218,288
5219,268
5220,242
5221,266
5222,206
5223,163
5224,163
5225,105
5226,72
5227,63
5228,43
5229,35
5230,20
5231,9
5232,4
5233,2
5234,3
5235,21
5236,64
5237,235
5238,385
5239,220
5240,105
5241,115
5242,145
5243,166
5244,111
5245,132
5246,214
5247,359
5248,357
5249,241
5250,165
5251,121
5252,71
5253,45
5254,17
5255,4
5256,2
5257,3
5258,4
5259,20
5260,92
5261,223
5262,400
5263,233
5264,102
5265,124
5266,167
5267,127
5268,134
5269,151
5270,207
5271,398
5272,382
5273,267
5274,161
5275,139
5276,107
5277,59
5278,22
5279,8
5280,2
5281,3
5282,4
5283,26
5284,87
5285,247
5286,467
5287,239
5288,142
5289,115
5290,144
5291,133
5292,151
5293,167
5294,245
5295,396
5296,390
5297,268
5298,175
5299,154
5300,104
5301,51
5302,50
5303,20
5304,7
5305,3
5306,6
5307,24
5308,92
5309,258
5310,457
5311,280
5312,109
5313,135
5314,157
5315,164
5316,132
5317,82
5318,131
5319,324
5320,377
5321,287
5322,221
5323,155
5324,124
5325,114
5326,72
5327,31
5328,23
5329,5
5330,5
5331,26
5332,82
5333,231
5334,459
5335,243
5336,132
5337,144
5338,173
5339,137
5340,128
5341,153
5342,224
5343,365
5344,295
5345,214
5346,152
5347,102
5348,106
5349,75
5350,62
5351,43
5352,58
5353,26
5354,9
5355,9
5356,17
5357,20
5358,59
5359,100
5360,181
5361,209
5362,244
5363,236
5364,237
5365,228
5366,222
5367,165
5368,157
5369,106
5370,106
5371,96
5372,80
5373,69
5374,71
5375,46
5376,41
5377,18
5378,1
5379,5
5380,3
5381,12
5382,32
5383,81
5384,129
5385,188
5386,228
5387,228
5388,219
5389,207
5390,234
5391,136
5392,138
5393,135
5394,104
5395,89
5396,49
5397,37
5398,17
5399,11
5400,3
5401,3
5402,4
5403,21
5404,68
5405,191
5406,397
5407,183
5408,108
5409,127
5410,141
5411,142
5412,137
5413,159
5414,208
5415,378
5416,354
5417,251
5418,206
5419,127
5420,107
5421,60
5422,48
5423,93
5424,75
5425,52
5426,8
5427,5
5428,2
5429,7
5430,14
5431,40
5432,70
5433,138
5434,201
5435,223
5436,267
5437,265
5438,215
5439,111
5440,106
5441,105
5442,83
5443,71
5444,66
5445,29
5446,39
5447,12
5448,7
5449,4
5450,4
5451,14
5452,16
5453,53
5454,68
5455,109
5456,175
5457,202
5458,176
5459,151
5460,168
5461,154
5462,153
5463,126
5464,93
5465,88
5466,66
5467,39
5468,34
5469,13
5470,6
5471,3
5472,2
5473,5
5474,12
5475,85
5476,170
5477,354
5478,153
5479,60
5480,75
5481,74
5482,73
5483,79
5484,77
5485,136
5486,245
5487,224
5488,156
5489,115
5490,68
5491,33
5492,18
5493,9
5494,3
5495,1
5496,1
5497,2
5498,14
5499,59
5500,152
5501,315
5502,180
5503,64
5504,46
5505,84
5506,91
5507,75
5508,90
5509,131
5510,281
5511,289
5512,184
5513,123
5514,90
5515,52
5516,32
5517,14
5518,5
5519,4
5520,4
5521,5
5522,26
5523,78
5524,215
5525,388
5526,227
5527,86
5528,84
5529,120
5530,118
5531,117
5532,119
5533,197
5534,412
5535,383
5536,265
5537,177
5538,97
5539,71
5540,60
5541,25
5542,8
5543,5
5544,4
5545,3
5546,13
5547,70
5548,205
5549,447
5550,241
5551,116
5552,138
5553,191
5554,204
5555,178
5556,222
5557,294
5558,476
5559,419
5560,272
5561,177
5562,154
5563,135
5564,101
5565,79
5566,62
5567,38
5568,20
5569,10
5570,9
5571,7
5572,20
5573,64
5574,130
5575,203
5576,324
5577,376
5578,445
5579,512
5580,449
5581,401
5582,322
5583,297
5584,215
5585,170
5586,140
5587,109
5588,119
5589,91
5590,72
5591,67
5592,32
5593,6
5594,2
5595,2
5596,24
5597,57
5598,125
5599,208
5600,256
5601,351
5602,343
5603,328
5604,330
5605,314
5606,219
5607,181
5608,112
5609,126
5610,91
5611,58
5612,30
5613,15
5614,5
5615,5
5616,3
5617,4
5618,21
5619,88
5620,240
5621,420
5622,197
5623,108
5624,88
5625,103
5626,80
5627,50
5628,69
5629,49
5630,152
5631,164
5632,190
5633,132
5634,79
5635,62
5636,52
5637,14
5638,5
5639,4
5640,4
5641,23
5642,79
5643,222
5644,471
5645,195
5646,83
5647,101
5648,140
5649,178
5650,106
5651,136
5652,240
5653,460
5654,385
5655,281
5656,200
5657,116
5658,114
5659,41
5660,28
5661,7
5662,5
5663,4
5664,2
5665,22
5666,74
5667,256
5668,499
5669,225
5670,97
5671,99
5672,55
5673,65
5674,73
5675,79
5676,118
5677,134
5678,98
5679,93
5680,57
5681,29
5682,49
5683,9
5684,3
5685,3
5686,2
5687,3
5688,2
5689,16
5690,89
5691,220
5692,508
5693,230
5694,90
5695,119
5696,144
5697,183
5698,156
5699,188
5700,281
5701,495
5702,421
5703,330
5704,240
5705,174
5706,133
5707,67
5708,42
5709,12
5710,14
5711,7
5712,3
5713,21
5714,73
5715,177
5716,419
5717,214
5718,103
5719,114
5720,154
5721,154
5722,129
5723,138
5724,233
5725,332
5726,301
5727,206
5728,136
5729,102
5730,65
5731,65
5732,44
5733,50
5734,38
5735,20
5736,3
5737,4
5738,5
5739,24
5740,92
5741,81
5742,149
5743,178
5744,219
5745,220
5746,231
5747,226
5748,206
5749,144
5750,143
5751,102
5752,103
5753,69
5754,66
5755,76
5756,59
5757,42
5758,43
5759,25
5760,6
5761,5
5762,8
5763,17
5764,36
5765,90
5766,126
5767,165
5768,234
5769,224
5770,188
5771,206
5772,205
5773,146
5774,120
5775,110
5776,95
5777,72
5778,60
5779,29
5780,25
5781,20
5782,17
5783,3
5784,8
5785,6
5786,13
5787,33
5788,78
5789,96
5790,126
5791,179
5792,185
5793,228
5794,181
5795,192
5796,180
5797,193
5798,181
5799,144
5800,90
5801,49
5802,43
5803,28
5804,12
5805,2
5806,12
5807,2
5808,13
5809,57
5810,126
5811,93
5812,68
5813,62
5814,75
5815,86
5816,103
5817,132
5818,129
5819,219
5820,462
5821,463
5822,308
5823,180
5824,180
5825,90
5826,61
5827,17
5828,10
5829,2
5830,4
5831,1
5832,29
5833,88
5834,263
5835,489
5836,202
5837,93
5838,114
5839,161
5840,130
5841,105
5842,130
5843,176
5844,346
5845,355
5846,256
5847,165
5848,124
5849,78
5850,38
5851,16
5852,5
5853,3
5854,4
5855,1
5856,19
5857,86
5858,206
5859,423
5860,210
5861,108
5862,99
5863,111
5864,124
5865,119
5866,127
5867,193
5868,385
5869,361
5870,234
5871,191
5872,121
5873,90
5874,56
5875,31
5876,4
5877,7
5878,3
5879,1
5880,18
5881,67
5882,208
5883,520
5884,276
5885,133
5886,143
5887,179
5888,186
5889,192
5890,194
5891,283
5892,539
5893,526
5894,335
5895,264
5896,233
5897,140
5898,97
5899,31
5900,17
5901,9
5902,2
5903,1
5904,19
5905,74
5906,205
5907,445
5908,228
5909,78
5910,105
5911,148
5912,137
5913,141
5914,174
5915,229
5916,450
5917,410
5918,327
5919,213
5920,148
5921,109
5922,61
5923,38
5924,22
5925,6
5926,4
5927,2
5928,17
5929,88
5930,226
5931,441
5932,270
5933,129
5934,164
5935,216
5936,198
5937,170
5938,216
5939,311
5940,488
5941,385
5942,267
5943,163
5944,134
5945,119
5946,77
5947,86
5948,43
5949,44
5950,18
5951,6
5952,4
5953,5
5954,28
5955,90
5956,157
5957,224
5958,270
5959,300
5960,302
5961,276
5962,305
5963,143
5964,67
5965,64
5966,80
5967,77
5968,78
5969,95
5970,70
5971,61
5972,51
5973,63
5974,17
5975,9
5976,4
5977,4
5978,16
5979,62
5980,92
5981,148
5982,182
5983,248
5984,274
5985,243
5986,272
5987,296
5988,306
5989,181
5990,69
5991,50
5992,66
5993,191
5994,42
5995,21
5996,6
5997,3
5998,2
5999,17
6000,72
6001,234
6002,444
6003,277
6004,116
6005,116
6006,150
6007,141
6008,140
6009,171
6010,228
6011,430
6012,437
6013,291
6014,201
6015,154
6016,87
6017,46
6018,23
6019,14
6020,4
6021,2
6022,3
6023,15
6024,100
6025,299
6026,529
6027,289
6028,116
6029,129
6030,172
6031,184
6032,138
6033,146
6034,276
6035,509
6036,518
6037,338
6038,212
6039,190
6040,118
6041,51
6042,23
6043,10
6044,1
6045,1
6046,1
6047,20
6048,98
6049,281
6050,508
6051,253
6052,108
6053,102
6054,138
6055,126
6056,108
6057,54
6058,75
6059,155
6060,167
6061,161
6062,125
6063,129
6064,98
6065,60
6066,26
6067,12
6068,2
6069,4
6070,1
6071,18
6072,76
6073,267
6074,484
6075,238
6076,97
6077,99
6078,158
6079,154
6080,144
6081,134
6082,238
6083,399
6084,417
6085,295
6086,199
6087,177
6088,107
6089,84
6090,43
6091,13
6092,16
6093,5
6094,2
6095,17
6096,64
6097,230
6098,448
6099,275
6100,124
6101,153
6102,176
6103,192
6104,146
6105,191
6106,268
6107,396
6108,359
6109,262
6110,151
6111,122
6112,113
6113,65
6114,53
6115,45
6116,26
6117,9
6118,4
6119,2
6120,9
6121,19
6122,78
6123,90
6124,166
6125,183
6126,221
6127,235
6128,243
6129,124
6130,146
6131,144
6132,108
6133,87
6134,63
6135,48
6136,46
6137,20
6138,21
6139,24
6140,27
6141,14
6142,1
6143,3
6144,2
6145,18
6146,26
6147,63
6148,91
6149,124
6150,140
6151,138
6152,111
6153,155
6154,164
6155,87
6156,96
6157,80
6158,57
6159,36
6160,28
6161,23
6162,9
6163,6
6164,4
6165,1
6166,2
6167,17
6168,72
6169,195
6170,417
6171,205
6172,71
6173,90
6174,118
6175,140
6176,135
6177,155
6178,211
6179,407
6180,405
6181,263
6182,214
6183,147
6184,102
6185,36
6186,14
6187,6
6188,3
6189,3
6190,2
6191,22
6192,90
6193,280
6194,513
6195,262
6196,98
6197,112
6198,172
6199,173
6200,124
6201,145
6202,266
6203,523
6204,406
6205,281
6206,184
6207,109
6208,77
6209,57
6210,22
6211,5
6212,4
6213,3
6214,1
6215,25
6216,95
6217,321
6218,515
6219,231
6220,120
6221,138
6222,163
6223,170
6224,134
6225,171
6226,231
6227,487
6228,468
6229,311
6230,211
6231,178
6232,107
6233,58
6234,23
6235,5
6236,7
6237,1
6238,3
6239,20
6240,87
6241,288
6242,498
6243,202
6244,44
6245,71
6246,45
6247,64
6248,31
6249,53
6250,118
6251,289
6252,353
6253,258
6254,216
6255,145
6256,111
6257,73
6258,34
6259,18
6260,12
6261,1
6262,1
6263,16
6264,71
6265,226
6266,520
6267,283
6268,116
6269,142
6270,198
6271,205
6272,170
6273,221
6274,307
6275,465
6276,377
6277,282
6278,171
6279,129
6280,107
6281,82
6282,86
6283,45
6284,45
6285,18
6286,7
6287,1
6288,9
6289,41
6290,102
6291,138
6292,205
6293,286
6294,369
6295,384
6296,427
6297,499
6298,404
6299,364
6300,246
6301,188
6302,148
6303,114
6304,118
6305,74
6306,74
6307,72
6308,48
6309,15
6310,3
6311,2
6312,5
6313,14
6314,56
6315,93
6316,191
6317,226
6318,255
6319,261
6320,237
6321,253
6322,212
6323,157
6324,167
6325,119
6326,103
6327,36
6328,55
6329,35
6330,11
6331,12
6332,6
6333,3
6334,5
6335,18
6336,109
6337,304
6338,594
6339,286
6340,133
6341,168
6342,220
6343,211
6344,211
6345,223
6346,361
6347,600
6348,525
6349,328
6350,254
6351,197
6352,126
6353,85
6354,46
6355,20
6356,6
6357,3
6358,2
6359,24
6360,92
6361,262
6362,549
6363,314
6364,132
6365,194
6366,234
6367,222
6368,205
6369,78
6370,50
6371,128
6372,160
6373,174
6374,100
6375,101
6376,75
6377,23
6378,22
6379,44
6380,38
6381,21
6382,2
6383,2
6384,7
6385,16
6386,48
6387,94
6388,168
6389,214
6390,299
6391,339
6392,430
6393,399
6394,467
6395,385
6396,303
6397,225
6398,149
6399,154
6400,134
6401,106
6402,72
6403,76
6404,80
6405,26
6406,14
6407,5
6408,5
6409,23
6410,66
6411,118
6412,192
6413,256
6414,327
6415,364
6416,332
6417,334
6418,299
6419,263
6420,184
6421,132
6422,88
6423,79
6424,62
6425,26
6426,17
6427,6
6428,4
6429,1
6430,1
6431,18
6432,91
6433,260
6434,428
6435,197
6436,86
6437,103
6438,137
6439,120
6440,128
6441,130
6442,210
6443,387
6444,375
6445,226
6446,179
6447,120
6448,78
6449,31
6450,8
6451,6
6452,4
6453,1
6454,3
6455,25
6456,102
6457,275
6458,501
6459,233
6460,129
6461,130
6462,138
6463,164
6464,136
6465,166
6466,250
6467,446
6468,457
6469,287
6470,187
6471,148
6472,106
6473,54
6474,15
6475,5
6476,4
6477,3
6478,3
6479,18
6480,108
6481,344
6482,566
6483,264
6484,147
6485,161
6486,215
6487,205
6488,175
6489,209
6490,288
6491,612
6492,544
6493,361
6494,260
6495,188
6496,159
6497,62
6498,46
6499,21
6500,11
6501,3
6502,2
6503,29
6504,109
6505,334
6506,585
6507,301
6508,138
6509,204
6510,251
6511,233
6512,203
6513,185
6514,342
6515,597
6516,590
6517,416
6518,302
6519,233
6520,153
6521,94
6522,54
6523,26
6524,11
6525,7
6526,1
6527,29
6528,85
6529,268
6530,501
6531,284
6532,159
6533,187
6534,201
6535,224
6536,178
6537,238
6538,343
6539,566
6540,470
6541,244
6542,159
6543,141
6544,107
6545,86
6546,77
6547,51
6548,42
6549,16
6550,4
6551,10
6552,12
6553,40
6554,111
6555,148
6556,223
6557,274
6558,329
6559,357
6560,379
6561,406
6562,390
6563,354
6564,297
6565,184
6566,121
6567,110
6568,100
6569,83
6570,69
6571,61
6572,66
6573,22
6574,7
6575,10
6576,17
6577,72
6578,90
6579,218
6580,299
6581,410
6582,464
6583,501
6584,487
6585,509
6586,498
6587,389
6588,258
6589,171
6590,147
6591,94
6592,52
6593,24
6594,10
6595,9
6596,2
6597,3
6598,16
6599,88
6600,268
6601,564
6602,281
6603,137
6604,150
6605,221
6606,250
6607,221
6608,233
6609,332
6610,644
6611,712
6612,446
6613,286
6614,205
6615,133
6616,63
6617,26
6618,16
6619,1
6620,2
6621,1
6622,24
6623,113
6624,308
6625,593
6626,342
6627,143
6628,219
6629,244
6630,233
6631,212
6632,264
6633,365
6634,676
6635,734
6636,479
6637,351
6638,244
6639,170
6640,87
6641,39
6642,27
6643,2
6644,4
6645,5
6646,27
6647,121
6648,368
6649,662
6650,351
6651,188
6652,220
6653,267
6654,254
6655,224
6656,283
6657,356
6660,472
6661,330
6662,288
6663,202
6664,91
6665,60
6666,23
6667,19
6668,7
6669,14
6670,26
6671,117
6672,381
6673,623
6674,315
6675,164
6676,211
6677,265
6678,273
6679,258
6680,287
6681,426
6682,713
6684,425
6685,330
6686,243
6687,169
6688,97
6689,57
6690,26
6691,4
6692,3
6693,3
6694,32
6695,99
6696,278
6697,562
6698,312
6699,180
6700,207
6701,294
6702,260
6703,202
6704,107
6705,129
6706,258
6707,408
6708,296
6709,235
6710,152
6711,148
6712,126
6713,100
6714,69
6715,42
6716,26
6717,2
6718,8
6719,30
6720,86
6721,218
6722,321
6723,443
6724,585
6725,651
6726,686
6727,690
6728,679
6729,685
6730,648
6731,560
6732,417
6733,271
6734,223
6735,211
6736,185
6737,107
6738,113
6739,56
6740,18
6741,14
6742,6
6743,11
6744,42
6745,96
6746,178
6747,351
6748,368
6749,503
6750,544
6751,521
6752,554
6753,541
6754,541
6755,459
6756,352
6757,198
6758,173
6759,100
6760,46
6761,23
6762,15
6763,8
6764,2
6765,3
6766,31
6767,120
6768,354
6769,579
6770,331
6771,184
6772,201
6773,282
6774,263
6775,260
6776,286
6777,385
6778,721
6780,549
6781,330
6782,223
6783,148
6784,54
6785,67
6786,62
6787,81
6788,25
6789,12
6790,18
6791,97
6792,84
6793,125
6794,275
6795,360
6796,451
6797,445
6798,464
6799,561
6800,573
6801,511
6802,555
6803,432
6804,346
6805,232
6806,134
6807,68
6808,63
6809,17
6810,5
6811,5
6812,4
6813,24
6814,110
6815,306
6816,589
6817,317
6818,204
6819,209
6820,281
6821,281
6822,268
6823,324
6824,395
6825,729
6826,618
6827,494
6828,329
6829,238
6830,123
6831,66
6832,33
6833,11
6834,5
6835,3
6836,1
6837,27
6838,100
6839,341
6840,604
6841,408
6842,219
6843,258
6844,331
6845,345
6846,311
6847,316
6848,485
6851,558
6852,379
6853,243
6854,158
6855,79
6856,41
6857,11
6858,5
6859,3
6860,1
6861,27
6862,126
6863,366
6864,684
6865,363
6866,167
6867,213
6868,283
6869,251
6870,258
6871,268
6872,390
6875,494
6876,372
6877,298
6878,181
6879,131
6880,45
6881,13
6882,18
6883,5
6884,1
6885,29
6886,126
6887,354
6888,638
6889,351
6890,246
6891,268
6892,276
6893,291
6894,287
6895,269
6896,402
6898,698
6899,487
6900,312
6901,234
6902,149
6903,136
6904,61
6905,38
6906,11
6907,8
6908,5
6909,23
6910,80
6911,246
6912,508
6913,376
6914,238
6915,291
6916,337
6917,411
6918,490
6919,537
6920,536
6921,655
6922,484
6923,412
6924,252
6925,190
6926,158
6927,113
6928,94
6929,69
6930,36
6931,28
6932,7
6933,2
6934,19
6935,54
6936,123
6937,276
6938,363
6939,495
6940,590
6941,643
6942,578
6943,626
6944,615
6945,567
6946,517
6947,413
6948,208
6949,234
6950,182
6951,118
6952,85
6953,64
6954,32
6955,26
6956,7
6957,12
6958,28
6959,37
6960,84
6961,179
6962,299
6963,404
6964,457
6965,483
6966,503
6967,486
6968,476
6969,411
6970,310
6971,276
6972,211
6973,130
6974,118
6975,51
6976,37
6977,16
6978,6
6979,3
6980,5
6981,32
6982,111
6983,331
6984,617
6985,286
6986,178
6987,223
6988,280
6989,281
6990,218
6991,255
6992,391
6993,632
6994,646
6995,421
6996,276
6997,165
6998,108
6999,67
7000,26
7001,9
7002,2
7003,2
7004,2
7005,24
7006,103
7007,384
7008,692
7009,319
7010,181
7011,239
7012,259
7013,283
7014,224
7015,203
7016,362
7018,704
7019,479
7020,282
7021,206
7022,127
7023,62
7024,30
7025,12
7026,2
7027,2
7028,27
7029,106
7030,321
7031,595
7032,302
7033,153
7034,180
7035,182
7036,163
7037,135
7038,202
7039,307
7040,579
7041,585
7042,384
7043,235
7044,165
7045,134
7046,61
7047,23
7048,9
7049,4
7050,5
7051,1
7052,21
7053,96
7054,306
7055,624
7056,287
7057,141
7058,224
7059,259
7060,203
7061,224
7062,211
7063,353
7064,656
7065,610
7066,433
7067,280
7068,187
7069,158
7070,94
7071,55
7072,30
7073,11
7074,11
7075,5
7076,21
7077,84
7078,296
7079,563
7080,330
7081,192
7082,233
7083,322
7084,358
7085,348
7086,352
7087,463
7089,671
7090,427
7091,286
7092,189
7093,215
7094,198
7095,96
7096,70
7097,56
7098,32
7099,14
7100,7
7101,21
7102,64
7103,160
7104,265
7105,406
7106,564
7107,678
7108,678
7109,660
7110,658
7111,582
7112,560
7113,481
7114,459
7115,321
7116,220
7117,212
7118,196
7119,124
7120,106
7121,74
7122,45
7123,12
7124,10
7125,16
7126,46
7127,97
7128,251
7129,421
7130,528
7131,635
7132,681
7133,628
7134,617
7135,616
7136,623
7137,479
7138,379
7139,291
7140,229
7141,134
7142,90
7143,41
7144,28
7145,14
7146,8
7147,6
7148,38
7149,133
7150,387
7151,597
7152,297
7153,224
7154,251
7155,271
7156,263
7157,288
7158,275
7159,358
7160,712
7161,676
7162,522
7163,375
7164,271
7165,214
7166,121
7167,43
7168,11
7169,4
7170,6
7171,9
7172,30
7173,144
7174,461
7175,673
7176,400
7177,217
7178,239
7179,244
7180,239
7181,257
7182,308
7183,370
7186,537
7187,402
7188,297
7189,162
7190,82
7191,38
7192,14
7193,9
7194,6
7195,7
7196,34
7197,134
7198,418
7199,576
7200,265
7201,147
7202,119
7203,110
7204,64
7205,51
7206,98
7207,235
7208,488
7209,505
7210,368
7211,260
7212,189
7213,162
7214,70
7215,25
7216,13
7217,6
7218,4
7219,4
7220,30
7221,120
7222,406
7223,677
7224,301
7225,189
7226,229
7227,264
7228,238
7229,237
7230,262
7231,387
7234,586
7235,404
7236,267
7237,248
7238,144
7239,35
7240,21
7241,8
7242,3
7243,8
7244,17
7245,26
7246,169
7247,557
7248,349
7249,174
7250,229
7251,269
7252,249
7253,204
7254,234
7255,354
7256,681
7258,487
7259,335
7260,282
7261,211
7262,95
7263,47
7264,15
7265,16
7266,6
7267,4
7268,33
7269,120
7270,358
7271,666
7272,315
7273,175
7274,184
7275,245
7276,228
7277,240
7278,256
7279,367
7280,729
7282,504
7283,338
7284,239
7285,173
7286,98
7287,90
7288,24
7289,17
7290,6
7291,2
7292,21
7293,136
7294,384
7295,627
7296,304
7297,168
7298,201
7299,301
7300,265
7301,204
7302,283
7303,370
7304,704
7305,706
7306,522
7307,420
7308,299
7309,246
7310,121
7311,89
7312,48
7313,11
7314,14
7315,4
7316,24
7317,135
7318,356
7319,618
7320,294
7321,199
7322,258
7323,171
7324,278
7325,242
7326,343
7327,440
7328,643
7329,641
7330,452
7331,313
7332,235
7333,232
7334,256
7335,153
7336,107
7337,75
7338,32
7339,9
7340,22
7341,42
7342,87
7343,197
7344,284
7345,432
7346,575
7347,550
7348,524
7349,428
7350,541
7351,540
7352,502
7353,434
7354,405
7355,309
7356,269
7357,217
7358,149
7359,134
7360,121
7361,93
7362,28
7363,16
7364,11
7365,17
7366,36
7367,114
7368,191
7369,333
7370,414
7371,558
7372,565
7373,518
7374,571
7375,544
7376,511
7377,463
7378,383
7379,276
7380,203
7381,157
7382,102
7383,34
7384,9
7385,6
7386,5
7387,2
7388,23
7389,142
7390,385
7391,639
7392,350
7393,190
7394,213
7395,263
7396,272
7397,239
7398,262
7399,388
7401,680
7402,546
7403,323
7404,247
7405,173
7406,113
7407,38
7408,9
7409,16
7410,6
7411,5
7412,20
7413,165
7414,463
7415,641
7416,295
7417,157
7418,217
7419,263
7420,219
7421,71
7422,134
7423,389
7424,717
7425,710
7426,458
7427,302
7428,223
7429,147
7430,63
7431,35
7432,14
7433,1
7434,2
7435,5
7436,28
7437,126
7438,418
7439,622
7440,325
7441,153
7442,201
7443,280
7444,266
7445,243
7446,259
7447,357
7448,705
7449,372
7450,98
7451,51
7452,34
7453,67
7454,55
7455,33
7456,11
7457,3
7458,3
7459,2
7460,24
7461,139
7462,401
7463,630
7464,361
7465,154
7466,256
7467,272
7468,318
7469,247
7470,271
7471,421
7472,732
7474,553
7475,374
7476,230
7477,232
7478,135
7479,64
7480,46
7481,31
7482,13
7483,9
7484,26
7485,135
7486,351
7487,620
7488,322
7489,210
7490,291
7491,348
7492,363
7493,334
7494,439
7495,525
7497,596
7498,503
7499,341
7500,270
7501,234
7502,180
7503,136
7504,93
7505,56
7506,34
7507,9
7508,13
7509,33
7510,67
7511,178
7512,335
7513,411
7514,522
7515,559
7516,659
7517,615
7518,590
7519,591
7520,576
7521,546
7522,439
7523,287
7524,230
7525,274
7526,176
7527,98
7528,94
7529,82
7530,28
7531,9
7532,12
7533,21
7534,60
7535,156
7536,222
7537,350
7538,428
7539,531
7540,602
7541,552
7542,499
7543,564
7544,478
7545,389
7546,339
7547,230
7548,169
7549,131
7550,74
7551,35
7552,11
7553,2
7554,2
7555,6
7556,26
7557,65
7558,75
7559,156
7560,110
7561,59
7562,79
7563,185
7564,176
7565,171
7566,196
7567,111
7568,229
7569,300
7570,304
7571,189
7572,152
7573,129
7574,75
7575,32
7576,19
7577,4
7578,6
7579,5
7580,8
7581,24
7582,92
7583,409
7584,355
7585,171
7586,224
7587,264
7588,239
7589,184
7590,256
7591,374
7592,678
7593,733
7594,512
7595,263
7596,109
7597,83
7598,71
7599,39
7600,21
7601,19
7602,6
7603,4
7604,38
7605,158
7606,440
7607,650
7608,347
7609,192
7610,267
7611,330
7612,350
7613,263
7614,274
7615,446
7618,590
7619,459
7620,393
7621,286
7622,133
7623,79
7624,28
7625,16
7626,3
7627,16
7628,35
7629,159
7630,474
7631,634
7632,346
7633,205
7634,279
7635,348
7636,327
7637,270
7638,316
7639,430
7642,537
7643,446
7644,299
7645,251
7646,166
7647,70
7648,49
7649,21
7650,14
7651,11
7652,34
7653,182
7654,515
7656,361
7657,255
7658,334
7659,360
7660,395
7661,350
7662,391
7663,568
7665,669
7666,483
7667,337
7668,258
7669,251
7670,174
7671,148
7672,104
7673,69
7674,33
7675,14
7676,12
7677,50
7678,95
7679,195
7680,292
7681,452
7682,586
7683,642
7684,704
7685,730
7686,672
7687,642
7688,626
7689,645
7690,432
7691,315
7692,259
7693,338
7694,239
7695,86
7696,34
7697,16
7698,4
7699,6
7700,45
7701,141
7702,402
7703,694
7704,298
7705,204
7706,235
7707,310
7708,316
7709,254
7710,258
7711,222
7712,227
7713,110
7714,45
7715,39
7716,85
7717,23
7718,73
7719,86
7720,76
7721,41
7722,26
7723,13
7724,12
7725,36
7726,86
7727,210
7728,332
7729,493
7730,536
7731,668
7732,679
7733,647
7734,702
7735,644
7736,586
7737,512
7738,554
7739,399
7740,316
7741,228
7742,238
7743,169
7744,121
7745,89
7746,50
7747,13
7748,12
7749,22
7750,35
7751,140
7752,300
7753,404
7754,511
7755,684
7756,686
7757,678
7758,644
7759,662
7760,578
7761,496
7762,453
7763,314
7764,246
7765,226
7766,108
7767,49
7768,14
7769,11
7770,5
7771,8
7772,35
7773,139
7774,517
7775,665
7776,282
7777,187
7778,239
7779,282
7780,274
7781,270
7782,292
7783,448
7786,645
7787,461
7788,265
7789,168
7790,86
7791,34
7792,20
7793,8
7794,5
7795,5
7796,36
7797,184
7798,569
7799,710
7800,335
7801,176
7802,227
7803,247
7804,267
7805,276
7806,272
7807,473
7810,513
7811,415
7812,283
7813,193
7814,113
7815,49
7816,27
7817,11
7818,8
7819,10
7820,38
7821,172
7822,547
7823,668
7824,303
7825,203
7826,226
7827,315
7828,303
7829,302
7830,300
7831,452
7832,724
7834,538
7835,408
7836,298
7837,248
7838,123
7839,59
7840,22
7841,12
7842,5
7843,6
7844,34
7845,170
7846,526
7847,681
7848,337
7849,210
7850,237
7851,336
7852,315
7853,265
7854,333
7855,466
7858,602
7859,478
7860,313
7861,228
7862,177
7863,77
7864,29
7865,19
7866,8
7867,10
7868,29
7869,139
7870,428
7871,700
7872,382
7873,249
7874,264
7875,369
7876,416
7877,373
7878,397
7879,523
7881,723
7882,555
7883,408
7884,339
7885,291
7886,215
7887,206
7888,123
7889,89
7890,40
7891,8
7892,19
7893,80
7894,87
7895,244
7896,340
7897,466
7898,569
7899,531
7900,585
7901,593
7902,555
7903,534
7904,495
7905,451
7906,360
7907,363
7908,316
7909,214
7910,230
7911,158
7912,116
7913,73
7914,29
7915,10
7916,13
7917,30
7918,62
7919,181
7920,266
7921,413
7922,499
7923,502
7924,492
7925,500
7926,475
7927,508
7928,521
7929,490
7930,375
7931,363
7932,253
7933,159
7934,110
7935,41
7936,24
7937,17
7938,6
7939,7
7940,37
7941,144
7942,503
7943,651
7944,316
7945,147
7946,202
7947,261
7948,248
7949,259
7950,259
7951,427
7954,596
7955,394
7956,250
7957,164
7958,80
7959,28
7960,16
7961,6
7962,12
7963,4
7964,29
7965,136
7966,303
7967,613
7968,285
7969,125
7970,65
7971,95
7972,59
7973,60
7974,116
7975,239
7976,681
7977,653
7978,491
7979,386
7980,274
7981,207
7982,89
7983,34
7984,28
7985,4
7986,8
7987,10
7988,40
7989,194
7990,505
7991,713
7992,352
7993,198
7994,246
7995,334
7996,255
7997,320
7998,281
7999,392
8002,671
8003,448
8004,396
8005,238
8006,153
8007,48
8008,21
8009,9
8010,5
8011,6
8012,40
8013,181
8014,506
8015,719
8016,357
8017,179
8018,228
8019,265
8020,284
8021,298
8022,324
8023,438
8026,579
8027,435
8028,337
8029,242
8030,172
8031,94
8032,51
8033,15
8034,5
8035,14
8036,33
8037,151
8038,430
8039,653
8040,366
8041,216
8042,286
8043,403
8044,393
8045,376
8046,377
8047,558
8049,693
8050,467
8051,385
8052,333
8053,321
8054,222
8055,137
8056,95
8057,67
8058,27
8059,8
8060,23
8061,47
8062,78
8063,204
8064,367
8065,435
8066,566
8067,603
8068,617
8069,573
8070,583
8071,542
8072,593
8073,571
8074,461
8075,352
8076,290
8077,280
8078,183
8079,148
8080,88
8081,74
8082,28
8083,18
8084,17
8085,23
8086,48
8087,119
8088,274
8089,436
8090,546
8091,615
8092,614
8093,582
8094,463
8095,580
8096,593
8097,513
8098,390
8099,302
8100,246
8101,153
8102,108
8103,40
8104,14
8105,9
8106,4
8107,9
8108,23
8109,37
8110,145
8111,474
8112,250
8113,91
8114,121
8115,168
8116,225
8117,219
8118,237
8119,332
8120,723
8121,642
8122,463
8123,362
8124,273
8125,164
8126,74
8127,35
8128,14
8129,15
8130,8
8131,10
8132,37
8133,161
8134,480
8135,673
8136,328
8137,180
8138,230
8139,292
8140,272
8141,227
8142,259
8143,334
8146,514
8147,458
8148,276
8149,291
8150,125
8151,149
8152,93
8153,90
8154,33
8155,4
8156,10
8157,27
8158,50
8159,142
8160,219
8161,366
8162,377
8163,433
8164,420
8165,444
8166,345
8167,313
8168,413
8169,370
8170,382
8171,332
8172,258
8173,151
8174,110
8175,43
8176,17
8177,15
8178,5
8179,12
8180,40
8181,136
8182,398
8183,568
8184,295
8185,174
8186,201
8187,257
8188,236
8189,230
8190,234
8191,365
8193,730
8194,581
8195,395
8196,258
8197,188
8198,102
8199,53
8200,14
8201,10
8202,2
8203,6
8204,35
8205,154
8206,483
8207,646
8208,272
8209,209
8210,217
8211,272
8212,283
8213,310
8214,401
8215,527
8216,722
8217,627
8218,497
8219,376
8220,196
8221,177
8222,171
8223,159
8224,123
8225,93
8226,32
8227,16
8228,19
8229,32
8230,72
8231,153
8232,293
8233,447
8234,485
8235,494
8236,499
8237,547
8238,454
8239,389
8240,414
8241,430
8242,432
8243,551
8244,584
8245,502
8246,183
8247,88
8248,30
8249,18
8250,7
8251,7
8252,29
8253,133
8254,343
8255,550
8256,293
8257,186
8258,244
8259,276
8260,310
8261,241
8262,254
8263,433
8264,689
8265,607
8266,503
8267,321
8268,323
8269,225
8270,131
8271,102
8272,29
8273,17
8274,7
8275,6
8276,35
8277,131
8278,353
8279,585
8280,304
8281,210
8282,233
8283,331
8284,293
8285,275
8286,285
8287,369
8288,576
8289,560
8290,418
8291,336
8292,300
8293,288
8294,164
8295,150
8296,71
8297,58
8298,31
8299,16
8300,14
8301,31
8302,71
8303,152
8304,256
8305,325
8306,367
8307,342
8308,360
8309,308
8310,306
8311,294
8312,279
8313,277
8314,287
8315,276
8316,201
8317,220
8318,148
8319,147
8320,124
8321,70
8322,35
8323,13
8324,6
8325,21
8326,52
8327,130
8328,242
8329,319
8330,389
8331,376
8332,337
8333,312
8334,298
8335,291
8336,270
8337,253
8338,250
8339,285
8340,207
8341,122
8342,123
8343,39
8344,18
8345,5
8346,5
8347,2
8348,28
8349,92
8350,230
8351,455
8352,363
8353,175
8354,216
8355,266
8356,255
8357,242
8358,280
8359,413
8362,631
8363,447
8364,331
8365,224
8366,131
8367,69
8368,15
8369,16
8370,3
8371,4
8372,42
8373,187
8374,520
8375,649
8376,331
8377,190
8378,249
8379,272
8380,280
8381,242
8382,265
8383,435
8386,414
8387,84
8388,90
8389,139
8390,103
8391,44
8392,14
8393,5
8394,5
8395,7
8396,41
8397,185
8398,497
8399,674
8400,328
8401,195
8402,229
8403,292
8404,273
8405,241
8406,276
8407,411
8410,633
8411,483
8412,391
8413,244
8414,152
8415,56
8416,21
8417,9
8418,10
8419,5
8420,44
8421,178
8422,512
8423,702
8424,327
8425,214
8426,215
8427,292
8428,277
8429,209
8430,271
8431,439
8434,629
8435,514
8436,373
8437,318
8438,211
8439,95
8440,59
8441,17
8442,9
8443,11
8444,34
8445,127
8446,380
8447,713
8448,414
8449,268
8450,288
8451,379
8452,374
8453,369
8454,353
8455,492
8457,631
8458,488
8459,389
8460,299
8461,263
8462,212
8463,191
8464,118
8465,101
8466,40
8467,9
8468,5
8469,35
8470,48
8471,151
8472,282
8473,401
8474,439
8475,499
8476,591
8477,632
8478,560
8479,566
8480,458
8481,351
8482,431
8483,356
8484,269
8485,225
8486,211
8487,187
8488,168
8489,115
8490,57
8491,19
8492,9
8493,15
8494,47
8495,133
8496,221
8497,382
8498,451
8499,489
8500,480
8501,476
8502,489
8503,495
8504,436
8505,312
8506,312
8507,294
8508,223
8509,130
8510,91
8511,43
8512,11
8513,15
8514,6
8515,12
8516,50
8517,140
8518,483
8519,667
8520,348
8521,186
8522,182
8523,237
8524,239
8525,212
8526,237
8527,386
8530,595
8531,454
8532,328
8533,284
8534,166
8535,53
8536,25
8537,7
8538,3
8539,7
8540,38
8541,213
8542,526
8543,661
8544,320
8545,159
8546,206
8547,254
8548,221
8549,214
8550,244
8551,381
8554,547
8555,427
8556,333
8557,244
8558,161
8559,53
8560,16
8561,8
8562,4
8563,6
8564,46
8565,162
8566,495
8567,679
8568,297
8569,138
8570,183
8571,202
8572,203
8573,170
8574,194
8575,224
8576,370
8577,643
8578,516
8579,366
8580,319
8581,288
8582,131
8583,66
8584,25
8585,7
8586,5
8587,8
8588,40
8589,152
8590,473
8591,657
8592,318
8593,198
8594,216
8595,274
8596,254
8597,197
8598,292
8599,358
8602,533
8603,505
8604,332
8605,68
8606,65
8607,47
8608,33
8609,13
8610,7
8611,4
8612,49
8613,185
8614,487
8615,681
8616,350
8617,236
8618,234
8619,284
8620,280
8621,263
8622,295
8623,479
8626,652
8627,513
8628,320
8629,288
8630,152
8631,63
8632,42
8633,11
8634,6
8635,9
8636,41
8637,183
8638,473
8640,343
8641,181
8642,226
8643,286
8644,310
8645,225
8646,270
8647,406
8650,607
8651,427
8652,342
8653,262
8654,177
8655,71
8656,43
8657,14
8658,6
8659,12
8660,37
8661,163
8662,421
8663,668
8664,396
8665,249
8666,263
8667,338
8668,345
8669,331
8670,380
8671,492
8673,671
8674,469
8675,389
8676,278
8677,202
8678,196
8679,161
8680,122
8681,84
8682,30
8683,13
8684,17
8685,49
8686,67
8687,181
8688,278
8689,396
8690,470
8691,547
8692,527
8693,472
8694,489
8695,450
8696,492
8697,490
8698,397
8699,312
8700,289
8701,269
8702,222
8703,153
8704,87
8705,73
8706,41
8707,14
8708,19
8709,19
8710,68
8711,108
8712,229
8713,364
8714,437
8715,491
8716,523
8717,526
8718,450
8719,421
8720,382
8721,229
8722,185
8723,193
8724,208
8725,157
8726,87
8727,33
8728,11
8729,5
8730,5
8731,11
8732,25
8733,141
8734,407
8735,605
8736,276
8737,213
8738,260
8739,285
8740,289
8741,287
8742,274
8743,451
8746,640
8747,457
8748,317
8749,207
8750,113
8751,47
8752,18
8753,13
8754,6
8755,9
8756,36
8757,179
8758,502
8759,705
8760,327
8761,250
8762,214
8763,283
8764,253
8765,261
8766,306
8767,445
8770,610
8771,448
8772,317
8773,224
8774,138
8775,58
8776,23
8777,6
8778,7
8779,7
8780,43
8781,173
8782,482
8784,341
8785,214
8786,239
8787,280
8788,313
8789,236
8790,278
8791,441
8794,686
8795,500
8796,381
8797,233
8798,136
8799,67
8800,28
8801,14
8802,6
8803,10
8804,41
8805,167
8806,475
8807,698
8808,353
8809,205
8810,260
8811,277
8812,281
8813,247
8814,267
8815,417
8818,623
8819,478
8820,336
8821,259
8822,156
8823,85
8824,41
8825,20
8826,9
8827,7
8828,33
8829,44
8830,133
8831,119
8832,220
8833,193
8834,251
8835,315
8836,290
8837,307
8838,324
8839,467
8840,730
8841,640
8842,492
8843,370
8844,286
8845,218
8846,192
8847,180
8848,116
8849,85
8850,21
8851,10
8852,11
8853,23
8854,62
8855,162
8856,271
8857,407
8858,499
8859,546
8860,569
8861,538
8862,562
8863,531
8864,512
8865,300
8866,275
8867,160
8868,128
8869,168
8870,163
8871,120
8872,113
8873,86
8874,48
8875,10
8876,10
8877,16
8878,39
8879,119
8880,217
8881,328
8882,449
8883,505
8884,543
8885,579
8886,577
8887,513
8888,505
8889,491
8890,465
8891,300
8892,220
8893,181
8894,110
8895,47
8896,14
8897,9
8898,6
8899,11
8900,36
8901,159
8902,436
8903,673
8904,305
8905,199
8906,245
8907,276
8908,254
8909,248
8910,274
8911,464
8914,555
8915,432
8916,290
8917,192
8918,128
8919,60
8920,27
8921,11
8922,3
8923,5
8924,36
8925,64
8926,179
8927,618
8928,402
8929,208
8930,196
8931,300
8932,286
8933,255
8934,283
8935,458
8938,627
8939,436
8940,308
8941,189
8942,167
8943,60
8944,37
8945,8
8946,11
8947,4
8948,39
8949,172
8950,492
8951,682
8952,367
8953,233
8954,235
8955,307
8956,294
8957,255
8958,266
8959,431
8962,649
8963,427
8964,315
8965,226
8966,138
8967,76
8968,21
8969,15
8970,4
8971,5
8972,37
8973,165
8974,464
8975,682
8976,337
8977,199
8978,274
8979,343
8980,300
8981,248
8982,260
8983,419
8986,677
8987,514
8988,356
8989,254
8990,226
8991,88
8992,54
8993,19
8994,6
8995,9
8996,36
8997,157
8998,379
8999,668
9000,378
9001,231
9002,303
9003,365
9004,357
9005,328
9006,383
9007,488
9009,669
9010,491
9011,359
9012,255
9013,213
9014,121
9015,105
9016,92
9017,43
9018,30
9019,13
9020,9
9021,27
9022,64
9023,189
9024,292
9025,480
9026,536
9027,654
9028,644
9029,598
9030,596
9031,641
9032,635
9033,554
9034,488
9035,341
9036,338
9037,261
9038,235
9039,187
9040,131
9041,119
9042,55
9043,26
9044,11
9045,20
9046,41
9047,124
9048,270
9049,425
9050,272
9051,298
9052,162
9053,149
9054,276
9055,356
9056,343
9057,377
9058,341
9059,274
9060,190
9061,56
9062,46
9063,168
9064,79
9065,69
9066,35
9067,12
9068,22
9069,36
9070,66
9071,162
9072,237
9073,417
9074,492
9075,471
9076,504
9077,514
9078,563
9079,462
9080,463
9081,442
9082,392
9083,207
9084,104
9085,78
9086,145
9087,99
9088,73
9089,84
9090,42
9091,22
9092,12
9093,15
9094,42
9095,129
9096,232
9097,388
9098,489
9099,545
9100,493
9101,457
9102,355
9103,474
9104,503
9105,500
9106,292
9107,104
9108,171
9109,166
9110,123
9111,104
9112,55
9113,40
9114,28
9115,11
9116,4
9117,15
9118,43
9119,127
9120,229
9121,359
9122,459
9123,543
9124,566
9125,512
9126,449
9127,500
9128,498
9129,482
9130,374
9131,261
9132,184
9133,121
9134,70
9135,29
9136,24
9137,5
9138,10
9139,8
9140,38
9141,172
9142,493
9143,632
9144,323
9145,172
9146,198
9147,287
9148,275
9149,274
9150,292
9151,458
9154,552
9155,385
9156,268
9157,179
9158,95
9159,37
9160,13
9161,9
9162,4
9163,5
9164,40
9165,210
9166,500
9167,725
9168,290
9169,235
9170,217
9171,266
9172,234
9173,211
9174,245
9175,430
9178,662
9179,412
9180,296
9181,219
9182,150
9183,65
9184,18
9185,8
9186,9
9187,8
9188,38
9189,200
9190,482
9191,646
9192,123
9193,49
9194,62
9195,137
9196,191
9197,216
9198,270
9199,416
9202,558
9203,406
9204,272
9205,217
9206,169
9207,96
9208,29
9209,11
9210,9
9211,8
9212,40
9213,140
9214,486
9215,719
9216,344
9217,224
9218,296
9219,323
9220,354
9221,253
9222,331
9223,470
9226,568
9227,391
9228,301
9229,299
9230,248
9231,150
9232,117
9233,77
9234,43
9235,11
9236,15
9237,34
9238,82
9239,230
9240,348
9241,422
9242,578
9243,694
9244,668
9245,626
9246,512
9247,114
9248,171
9249,167
9250,215
9251,194
9252,181
9253,194
9254,133
9255,124
9256,124
9257,96
9258,46
9259,28
9260,55
9261,35
9262,70
9263,170
9264,299
9265,495
9266,585
9268,729
9269,647
9270,696
9271,701
9272,671
9273,560
9274,496
9275,356
9276,206
9277,189
9278,92
9279,41
9280,18
9281,17
9282,12
9283,5
9284,40
9285,180
9286,447
9287,730
9288,361
9289,210
9290,236
9291,332
9292,323
9293,340
9294,346
9295,488
9298,633
9299,390
9300,285
9301,159
9302,93
9303,32
9304,10
9305,6
9306,8
9307,9
9308,44
9309,211
9310,596
9312,358
9313,196
9314,247
9315,316
9316,328
9317,255
9318,326
9319,536
9322,596
9323,461
9324,310
9325,216
9326,109
9327,49
9328,21
9329,11
9330,7
9331,5
9332,48
9333,205
9334,557
9336,328
9337,205
9338,232
9339,352
9340,323
9341,278
9342,318
9343,509
9346,635
9347,470
9348,306
9349,212
9350,127
9351,57
9352,28
9353,9
9354,11
9355,6
9356,57
9357,195
9358,571
9360,338
9361,212
9362,254
9363,297
9364,283
9365,274
9366,352
9367,491
9370,674
9371,463
9372,317
9373,251
9374,170
9375,87
9376,41
9377,30
9378,14
9379,12
9380,41
9381,152
9382,454
9384,347
9385,246
9386,280
9387,409
9388,408
9389,371
9390,367
9391,563
9394,579
9395,404
9396,312
9397,229
9398,195
9399,207
9400,109
9401,93
9402,37
9403,6
9404,16
9405,33
9406,73
9407,212
9408,342
9409,442
9410,627
9411,706
9412,704
9413,715
9414,654
9416,729
9417,614
9418,478
9419,330
9420,296
9421,279
9422,229
9423,151
9424,117
9425,89
9426,48
9427,8
9428,13
9429,35
9430,71
9431,128
9432,296
9433,490
9434,559
9435,656
9436,694
9437,635
9438,557
9439,596
9440,570
9441,481
9442,403
9443,324
9444,191
9445,127
9446,94
9447,45
9448,21
9449,13
9450,7
9451,11
9452,45
9453,164
9454,492
9455,683
9456,299
9457,202
9458,252
9459,295
9460,343
9461,332
9462,338
9463,453
9466,486
9467,340
9468,233
9469,129
9470,70
9471,13
9472,5
9473,4
9474,6
9475,7
9476,48
9477,167
9478,356
9479,672
9480,293
9481,160
9482,151
9483,88
9484,114
9485,143
9486,36
9487,141
9488,338
9489,281
9490,324
9491,290
9492,207
9493,151
9494,78
9495,26
9496,12
9497,3
9498,5
9499,10
9500,56
9501,172
9502,545
9504,362
9505,192
9506,247
9507,313
9508,289
9509,286
9510,311
9511,466
9514,611
9515,409
9516,349
9517,229
9518,123
9519,45
9520,18
9521,12
9522,7
9523,10
9524,36
9525,155
9526,483
9528,340
9529,179
9530,272
9531,323
9532,305
9533,244
9534,329
9535,459
9537,613
9538,516
9539,262
9540,218
9541,207
9542,105
9543,31
9544,11
9545,2
9546,5
9547,10
9548,43
9549,179
9550,260
9551,134
9552,86
9553,45
9554,99
9555,104
9556,154
9557,163
9558,209
9559,374
9560,715
9561,687
9562,395
9563,306
9564,289
9565,240
9566,98
9567,52
9568,19
9569,9
9570,7
9571,11
9572,34
9573,177
9574,515
9576,362
9577,175
9578,230
9579,358
9580,279
9581,251
9582,319
9583,478
9586,593
9587,497
9588,209
9589,241
9590,220
9591,76
9592,25
9593,13
9594,11
9595,10
9596,39
9597,133
9598,391
9600,359
9601,177
9602,214
9603,288
9604,294
9605,267
9606,325
9607,497
9610,534
9611,441
9612,321
9613,232
9614,155
9615,102
9616,46
9617,11
9618,16
9619,11
9620,41
9621,137
9622,428
9624,384
9625,260
9626,304
9627,468
9628,424
9629,400
9630,470
9631,634
9634,500
9635,372
9636,267
9637,264
9638,171
9639,191
9640,141
9641,75
9642,56
9643,11
9644,10
9645,30
9646,84
9647,206
9648,395
9649,539
9650,647
9652,710
9653,576
9654,620
9655,659
9656,610
9657,495
9658,341
9659,247
9660,215
9661,185
9662,179
9663,127
9664,109
9665,74
9666,22
9667,11
9668,10
9669,23
9670,35
9671,62
9672,86
9673,185
9674,336
9675,392
9676,320
9677,314
9678,306
9679,333
9680,157
9681,106
9682,114
9683,116
9684,113
9685,79
9686,80
9687,51
9688,37
9689,15
9690,10
9691,7
9692,19
9693,59
9694,154
9695,397
9696,332
9697,298
9698,308
9699,341
9700,405
9701,420
9702,370
9703,377
9704,497
9705,456
9706,371
9707,227
9708,151
9709,107
9710,69
9711,31
9712,13
9713,7
9714,3
9715,7
9716,19
9717,143
9718,362
9719,713
9720,382
9721,164
9722,193
9723,260
9724,238
9725,244
9726,254
9727,424
9730,514
9731,360
9732,225
9733,162
9734,84
9735,33
9736,8
9737,8
9738,6
9739,6
9740,40
9741,175
9742,507
9744,366
9745,217
9746,291
9747,390
9748,297
9749,271
9750,319
9751,566
9754,566
9755,392
9756,269
9757,197
9758,136
9759,42
9760,11
9761,11
9762,3
9763,10
9764,42
9765,159
9766,478
9768,355
9769,204
9770,251
9771,326
9772,291
9773,348
9774,460
9775,481
9777,692
9779,415
9780,260
9781,177
9782,186
9783,68
9784,37
9785,16
9786,6
9787,8
9788,35
9789,143
9790,392
9792,400
9793,275
9794,313
9795,387
9796,381
9797,371
9798,455
9799,520
9801,642
9802,493
9803,308
9804,190
9805,160
9806,100
9807,249
9808,146
9809,67
9810,15
9811,11
9812,11
9813,28
9814,70
9815,174
9816,266
9817,347
9818,527
9819,573
9820,670
9821,597
9822,615
9823,637
9824,528
9825,473
9826,332
9827,255
9828,204
9829,189
9830,125
9831,111
9832,112
9833,66
9834,28
9835,12
9836,11
9837,24
9838,51
9839,132
9840,223
9841,428
9842,494
9843,562
9844,619
9845,617
9846,568
9847,581
9848,539
9849,453
9850,336
9851,246
9852,196
9853,125
9854,105
9855,48
9856,29
9857,6
9858,4
9859,10
9860,40
9861,147
9862,476
9864,359
9865,168
9866,263
9867,284
9868,146
9869,185
9870,260
9871,447
9873,592
9874,239
9875,256
9876,206
9877,126
9878,81
9879,48
9880,13
9881,3
9882,2
9883,7
9884,52
9885,172
9886,525
9888,355
9889,222
9890,228
9891,325
9892,328
9893,308
9894,346
9895,446
9898,531
9899,432
9900,195
9901,181
9902,199
9903,49
9904,17
9905,16
9906,7
9907,4
9908,41
9909,178
9910,464
9912,382
9913,228
9914,234
9915,332
9916,310
9917,270
9918,301
9919,466
9922,516
9923,414
9924,329
9925,215
9926,99
9927,57
9928,14
9929,14
9930,5
9931,5
9932,42
9933,153
9934,508
9936,387
9937,218
9938,268
9939,377
9940,332
9941,285
9942,353
9943,450
9946,513
9947,387
9948,283
9949,229
9950,117
9951,56
9952,16
9953,10
9954,5
9955,6
9956,36
9957,131
9958,154
9959,467
9960,389
9961,224
9962,252
9963,332
9964,375
9965,365
9966,395
9967,565
9968,425
9969,233
9970,232
9971,229
9972,206
9973,190
9974,131
9975,60
9976,30
9977,20
9978,15
9979,10
9980,40
9981,148
9982,420
9983,680
9984,331
9985,146
9986,170
9987,221
9988,248
9989,185
9990,214
9991,344
9992,689
9993,678
9994,452
9995,296
9996,267
9997,202
9998,120
9999,50
10000,24
10001,10
10002,3
10003,7
10004,26
10005,122
10006,357
10007,687
10008,382
10009,204
10010,221
10011,292
10012,294
10013,262
10014,306
10015,421
10016,638
10017,522
10018,374
10019,221
10020,156
10021,149
10022,119
10023,108
10024,89
10025,46
10026,28
10027,16
10028,9
10029,21
10030,59
10031,142
10032,219
10033,328
10034,340
10035,394
10036,449
10037,455
10038,448
10039,400
10040,410
10041,297
10042,239
10043,181
10044,166
10045,146
10046,148
10047,102
10048,165
10049,37
10050,11
10051,9
10052,5
10053,16
10054,50
10055,149
10056,217
10057,360
10058,445
10059,504
10060,493
10061,509
10062,449
10063,435
10064,327
10065,237
10066,227
10067,141
10068,87
10069,79
10070,53
10071,23
10072,8
10073,6
10074,4
10075,16
10076,39
10077,139
10078,461
10079,648
10080,257
10081,142
10082,150
10083,244
10084,222
10085,196
10086,231
10087,360
10088,638
10089,542
10090,372
10091,241
10092,152
10093,115
10094,53
10095,19
10096,8
10097,2
10098,4
10099,7
10100,41
10101,149
10102,387
10103,588
10104,363
10105,230
10106,216
10107,248
10108,278
10109,240
10110,272
10111,402
10112,627
10113,497
10114,371
10115,228
10116,151
10117,153
10118,205
10119,283
10120,92
10121,74
10122,11
10123,9
10124,27
10125,118
10126,319
10127,601
10128,368
10129,178
10130,147
10131,212
10132,181
10133,161
10134,198
10135,273
10136,517
10137,465
10138,319
10139,256
10140,126
10141,60
10142,40
10143,15
10144,12
10145,6
10146,10
10147,35
10148,124
10149,423
10150,668
10151,275
10152,161
10153,171
10154,235
10155,228
10156,182
10157,233
10158,339
10159,592
10160,507
10161,373
10162,245
10163,233
10164,161
10165,87
10166,55
10167,20
10168,12
10169,9
10170,14
10171,27
10172,131
10173,341
10174,693
10175,327
10176,197
10177,251
10178,262
10179,299
10180,274
10181,356
10182,434
10183,654
10184,496
10185,361
10186,255
10187,199
10188,163
10189,162
10190,122
10191,76
10192,44
10193,20
10194,6
10195,10
10196,16
10197,71
10198,146
10199,259
10200,350
10201,466
10202,606
10203,651
10204,627
10205,567
10206,605
10207,501
10208,359
10209,283
10210,192
10211,220
10212,193
10213,146
10214,124
10215,108
10216,70
10217,48
10218,11
10219,12
10220,19
10221,68
10222,119
10223,273
10224,405
10225,504
10226,585
10227,686
10228,654
10229,724
10230,653
10231,493
10232,405
10233,277
10234,200
10235,171
10236,134
10237,109
10238,49
10239,30
10240,20
10241,4
10242,4
10243,24
10244,71
10245,264
10246,540
10247,397
10248,266
10249,367
10250,419
10251,420
10252,444
10253,382
10254,434
10255,596
10256,551
10257,353
10258,304
10259,155
10260,112
10261,63
10262,23
10263,5
10264,11
10265,5
10266,9
10267,18
10268,50
10269,107
10270,211
10271,110
10272,94
10273,155
10274,196
10275,218
10276,203
10277,217
10278,310
10279,608
10280,559
10281,356
10282,223
10283,187
10284,135
10285,84
10286,24
10287,12
10288,1
10289,5
10290,6
10291,39
10292,146
10293,415
10294,691
10295,332
10296,171
10297,151
10298,240
10299,214
10300,181
10301,260
10302,321
10303,583
10304,567
10305,396
10306,267
10307,213
10308,173
10309,87
10310,34
10311,16
10312,7
10313,2
10314,5
10315,37
10316,147
10317,410
10318,646
10319,323
10320,153
10321,166
10322,213
10323,217
10324,201
10325,217
10326,342
10327,563
10328,573
10329,386
10330,285
10331,224
10332,153
10333,125
10334,65
10335,21
10336,9
10337,6
10338,5
10339,36
10340,130
10341,367
10342,711
10343,351
10344,198
10345,218
10346,290
10347,278
10348,251
10349,267
10350,383
10351,580
10352,505
10353,332
10354,227
10355,178
10356,162
10357,128
10358,106
10359,87
10360,49
10361,21
10362,7
10363,11
10364,21
10365,78
10366,168
10367,248
10368,320
10369,423
10370,476
10371,525
10372,555
10373,549
10374,469
10375,403
10376,271
10377,253
10378,172
10379,139
10380,145
10381,133
10382,129
10383,95
10384,73
10385,46
10386,12
10387,12
10388,15
10389,42
10390,119
10391,204
10392,329
10393,359
10394,442
10395,447
10396,428
10397,407
10398,372
10399,280
10400,276
10401,210
10402,129
10403,110
10404,74
10405,59
10406,27
10407,19
10408,5
10409,2
10410,12
10411,39
10412,131
10413,386
10414,663
10415,278
10416,139
10417,197
10418,242
10419,251
10420,217
10421,257
10422,380
10423,619
10424,580
10425,406
10426,259
10427,203
10428,113
10429,74
10430,108
10431,69
10432,50
10433,15
10434,5
10435,13
10436,27
10437,63
10438,144
10439,193
10440,256
10441,392
10442,446
10443,509
10444,479
10445,484
10446,443
10447,320
10448,297
10449,249
10450,198
10451,158
10452,147
10453,126
10454,117
10455,94
10456,74
10457,25
10458,7
10459,8
10460,16
10461,31
10462,93
10463,172
10464,293
10465,355
10466,520
10467,431
10468,473
10469,417
10470,443
10471,303
10472,203
10473,174
10474,154
10475,99
10476,96
10477,51
10478,21
10479,13
10480,10
10481,8
10482,5
10483,38
10484,138
10485,396
10486,731
10487,308
10488,136
10489,233
10490,268
10491,321
10492,260
10493,268
10494,442
10495,708
10496,692
10497,471
10498,300
10499,221
10500,144
10501,102
10502,55
10503,25
10504,8
10505,4
10506,7
10507,46
10508,153
10509,502
10510,721
10511,336
10512,156
10513,207
10514,312
10515,272
10516,270
10517,300
10518,435
10520,731
10521,460
10522,306
10523,280
10524,181
10525,96
10526,37
10527,11
10528,9
10529,7
10530,10
10531,49
10532,124
10533,398
10535,388
10536,141
10537,172
10538,232
10539,214
10540,218
10541,285
10542,377
10543,605
10544,609
10545,414
10546,293
10547,198
10548,105
10549,74
10550,44
10551,16
10552,9
10553,2
10554,9
10555,32
10556,124
10557,389
10558,659
10559,276
10560,145
10561,178
10562,235
10563,245
10564,212
10565,270
10566,331
10567,617
10568,565
10569,373
10570,227
10571,191
10572,133
10573,93
10574,48
10575,28
10576,11
10577,5
10578,10
10579,26
10580,84
10581,215
10582,441
10583,301
10584,166
10585,203
10586,240
10587,220
10588,215
10589,303
10590,375
10591,568
10592,498
10593,352
10594,241
10595,171
10596,165
10597,122
10598,103
10599,100
10600,70
10601,29
10602,12
10603,6
10604,20
10605,39
10606,111
10607,170
10608,287
10609,404
10610,486
10611,547
10612,542
10613,541
10614,507
10615,345
10616,304
10617,246
10618,182
10619,209
10620,160
10621,162
10622,118
10623,102
10624,78
10625,48
10626,12
10627,8
10628,6
10629,23
10630,69
10631,103
10632,219
10633,250
10634,315
10635,285
10636,232
10637,225
10638,253
10639,229
10640,198
10641,122
10642,108
10643,96
10644,78
10645,51
10646,20
10647,4
10648,5
10649,4
10650,12
10651,27
10652,123
10653,294
10654,584
10655,284
10656,133
10657,134
10658,173
10659,220
10660,210
10661,236
10662,345
10663,616
10664,564
10665,427
10666,300
10667,245
10668,126
10669,84
10670,31
10671,8
10672,1
10673,3
10674,8
10675,41
10676,118
10677,380
10678,724
10679,334
10680,154
10681,173
10682,226
10683,254
10684,204
10685,270
10686,358
10687,601
10688,546
10689,433
10690,257
10691,207
10692,106
10693,64
10694,34
10695,21
10696,9
10697,10
10698,4
10699,37
10700,128
10701,369
10702,688
10703,285
10704,136
10705,172
10706,232
10707,238
10708,225
10709,228
10710,329
10711,561
10712,540
10713,402
10714,268
10715,202
10716,122
10717,79
10718,32
10719,23
10720,8
10721,2
10722,8
10723,33
10724,114
10725,385
10726,679
10727,325
10728,167
10729,189
10730,282
10731,271
10732,242
10733,280
10734,406
10735,550
10736,466
10737,348
10738,241
10739,213
10740,148
10741,120
10742,47
10743,26
10744,9
10745,12
10746,10
10747,34
10748,113
10749,308
10750,636
10751,343
10752,190
10753,211
10754,273
10755,313
10756,299
10757,309
10758,417
10759,622
10760,455
10761,319
10762,221
10763,172
10764,138
10765,134
10766,94
10767,95
10768,69
10769,23
10770,6
10771,3
10772,11
10773,48
10774,119
10775,220
10776,273
10777,393
10778,453
10779,456
10780,426
10781,447
10782,413
10783,309
10784,272
10785,257
10786,201
10787,184
10788,156
10789,119
10790,110
10791,96
10792,87
10793,38
10794,11
10795,9
10796,6
10797,27
10798,88
10799,132
10800,257
10801,295
10802,417
10803,356
10804,310
10805,338
10806,400
10807,243
10808,107
10809,109
10810,122
10811,106
10812,89
10813,33
10814,28
10815,15
10816,5
10817,3
10818,5
10819,24
10820,108
10821,319
10822,592
10823,282
10824,135
10825,170
10826,232
10827,210
10828,181
10829,211
10830,302
10831,495
10832,507
10833,340
10834,200
10835,120
10836,54
10837,47
10838,18
10839,15
10840,7
10841,5
10842,8
10843,36
10844,118
10845,355
10846,662
10847,326
10848,184
10849,269
10850,313
10851,286
10852,247
10853,246
10854,363
10855,572
10856,525
10857,353
10858,268
10859,168
10860,132
10861,81
10862,41
10863,15
10864,3
10865,5
10866,7
10867,31
10868,112
10869,363
10870,678
10871,317
10872,164
10873,200
10874,236
10875,213
10876,218
10877,237
10878,334
10879,562
10880,569
10881,336
10882,241
10883,168
10884,129
10885,88
